-- Seed data generated from src/lib/seed.ts for the Plebi MVP.
-- Safe to re-run: records are upserted using deterministic UUIDs.

create extension if not exists "pgcrypto";

create or replace function public.plebi_seed_uuid(value text)
returns uuid
language sql
immutable
as $$
  select (
    substr(md5(value), 1, 8) || '-' ||
    substr(md5(value), 9, 4) || '-' ||
    substr(md5(value), 13, 4) || '-' ||
    substr(md5(value), 17, 4) || '-' ||
    substr(md5(value), 21, 12)
  )::uuid;
$$;

insert into public.categories (id, slug, name, description, subcategories, signal, benchmark)
values
  (public.plebi_seed_uuid('cat-writing'), 'writing-content', 'Writing & Content', 'Long-form drafting, brand copy, editorial workflows, and content operations.', array['Writing assistant', 'Marketing copy', 'Editorial operations', 'SEO content']::text[], 'High saturation, strong workflow lock-in', 'Quality, controllability, team governance'),
  (public.plebi_seed_uuid('cat-image'), 'image-generation', 'Image Generation', 'Visual ideation, production graphics, design assists, and brand-safe image creation.', array['Text to image', 'Creative production', 'Design tooling', 'Open models']::text[], 'Rapid model churn and style differentiation', 'Prompt fidelity, commercial safety, iteration speed'),
  (public.plebi_seed_uuid('cat-video-audio'), 'video-audio', 'Video & Audio', 'Video generation, voice synthesis, editing, dubbing, and media post-production.', array['Video generation', 'Voice AI', 'Editing', 'Avatar video']::text[], 'Enterprise demand rising fastest', 'Output quality, editing control, rights posture'),
  (public.plebi_seed_uuid('cat-coding'), 'coding-dev', 'Coding & Dev', 'AI coding assistants, agentic IDEs, code search, and developer productivity platforms.', array['IDE assistant', 'Code agent', 'Code search', 'Cloud dev']::text[], 'High willingness to pay, security scrutiny', 'Context depth, code quality, repository safety'),
  (public.plebi_seed_uuid('cat-research'), 'research-search', 'Research & Search', 'Answer engines, literature research, enterprise search, and evidence synthesis.', array['Answer engine', 'Academic research', 'Enterprise search', 'Citation synthesis']::text[], 'Trust and citation quality decide adoption', 'Source quality, factuality, retrieval depth'),
  (public.plebi_seed_uuid('cat-productivity'), 'productivity-ops', 'Productivity & Ops', 'Meeting intelligence, documents, workflow automation, and everyday business execution.', array['Workspace AI', 'Meetings', 'Automation', 'Presentations']::text[], 'Bundled incumbents are compressing pricing', 'Workflow fit, admin controls, time saved'),
  (public.plebi_seed_uuid('cat-sales'), 'sales-marketing', 'Sales & Marketing', 'Pipeline intelligence, outbound personalization, CRM copilots, and conversion optimization.', array['CRM AI', 'Outbound', 'Email coaching', 'Personalization']::text[], 'ROI measurement matters more than novelty', 'Data enrichment, attribution, revenue impact'),
  (public.plebi_seed_uuid('cat-data'), 'data-analytics', 'Data & Analytics', 'Natural-language analytics, forecasting, AutoML, and decision intelligence.', array['BI copilot', 'AutoML', 'Data analyst', 'Decision intelligence']::text[], 'Governance and explainability shape enterprise use', 'Data grounding, model transparency, analyst velocity')
on conflict (slug) do update set
  name = excluded.name,
  description = excluded.description,
  subcategories = excluded.subcategories,
  signal = excluded.signal,
  benchmark = excluded.benchmark;

insert into public.sources (id, name, type, url, weight, credibility)
values
  (public.plebi_seed_uuid('source-benchmark'), 'Plebi Benchmark Lab', 'benchmark', 'https://plebi.example/benchmarks', 0.32, 94),
  (public.plebi_seed_uuid('source-operator'), 'Operator Panel', 'review', 'https://plebi.example/operator-panel', 0.24, 88),
  (public.plebi_seed_uuid('source-community'), 'Verified User Poll', 'community', 'https://plebi.example/polls', 0.18, 82),
  (public.plebi_seed_uuid('source-pricing'), 'Pricing & Packaging Audit', 'pricing', 'https://plebi.example/pricing', 0.14, 84),
  (public.plebi_seed_uuid('source-trust'), 'Trust & Security Review', 'security', 'https://plebi.example/trust', 0.12, 90)
on conflict (id) do update set
  name = excluded.name,
  type = excluded.type,
  url = excluded.url,
  weight = excluded.weight,
  credibility = excluded.credibility;

insert into public.tools (id, slug, name, category_id, subcategory, tagline, summary, best_for, website, pricing, founded, stage, metrics)
values
  (public.plebi_seed_uuid('tool-chatgpt'), 'chatgpt', 'ChatGPT', public.plebi_seed_uuid('cat-writing'), 'Writing assistant', 'General-purpose AI assistant with strong writing, analysis, and multimodal coverage.', 'Best fit for teams that want one flexible assistant across drafting, synthesis, ideation, and internal knowledge workflows.', 'Teams that need one flexible assistant for writing, analysis, and multimodal work.', 'https://chatgpt.com', 'Free, Plus, Team, Enterprise', '2022', 'Established', '{"capability":94,"usability":91,"reliability":88,"value":86,"adoption":96}'::jsonb),
  (public.plebi_seed_uuid('tool-claude'), 'claude', 'Claude', public.plebi_seed_uuid('cat-writing'), 'Writing assistant', 'High-context assistant favored for careful writing, analysis, and team research.', 'Strong for users who need polished reasoning, long context handling, and lower-friction editorial collaboration.', 'Long-context writing, research synthesis, and careful editorial collaboration.', 'https://claude.ai', 'Free, Pro, Team, Enterprise', '2023', 'Established', '{"capability":93,"usability":89,"reliability":90,"value":84,"adoption":88}'::jsonb),
  (public.plebi_seed_uuid('tool-jasper'), 'jasper', 'Jasper', public.plebi_seed_uuid('cat-writing'), 'Marketing copy', 'Brand-controlled marketing content platform for campaigns and content operations.', 'Built for marketing teams that need governance, repeatable campaign assets, and brand voice management.', 'Marketing teams that need brand-controlled campaign content at scale.', 'https://www.jasper.ai', 'Creator, Pro, Business', '2021', 'Established', '{"capability":82,"usability":84,"reliability":83,"value":72,"adoption":80}'::jsonb),
  (public.plebi_seed_uuid('tool-copy-ai'), 'copy-ai', 'Copy.ai', public.plebi_seed_uuid('cat-writing'), 'Marketing copy', 'Go-to-market content automation for repeatable sales and marketing workflows.', 'Useful for teams standardizing outbound, social, and launch copy through workflow templates.', 'Go-to-market teams standardizing repeatable sales and marketing copy workflows.', 'https://www.copy.ai', 'Free, Starter, Advanced', '2020', 'Scaling', '{"capability":78,"usability":83,"reliability":78,"value":77,"adoption":74}'::jsonb),
  (public.plebi_seed_uuid('tool-writesonic'), 'writesonic', 'Writesonic', public.plebi_seed_uuid('cat-writing'), 'SEO content', 'Content and SEO writing suite with article, chatbot, and brand workflow coverage.', 'A pragmatic choice for content teams optimizing for search-oriented volume and template coverage.', 'Content teams producing search-oriented articles and template-driven assets.', 'https://writesonic.com', 'Free, Individual, Standard', '2021', 'Scaling', '{"capability":76,"usability":80,"reliability":75,"value":79,"adoption":71}'::jsonb),
  (public.plebi_seed_uuid('tool-midjourney'), 'midjourney', 'Midjourney', public.plebi_seed_uuid('cat-image'), 'Text to image', 'Highly distinctive image generation with strong aesthetics and creative direction.', 'Best for concept art, moodboards, editorial visuals, and teams prioritizing visual quality over workflow integration.', 'Creative teams prioritizing distinctive visual quality and art direction.', 'https://www.midjourney.com', 'Basic, Standard, Pro, Mega', '2022', 'Established', '{"capability":94,"usability":78,"reliability":86,"value":81,"adoption":92}'::jsonb),
  (public.plebi_seed_uuid('tool-dall-e'), 'dall-e', 'DALL-E', public.plebi_seed_uuid('cat-image'), 'Text to image', 'Image generation integrated into a broad assistant and developer ecosystem.', 'Strong for users who need convenient image creation inside a general AI workflow with simple prompting.', 'Teams that want simple image generation inside a broader AI assistant workflow.', 'https://openai.com/dall-e', 'Bundled and API usage', '2021', 'Established', '{"capability":88,"usability":90,"reliability":84,"value":82,"adoption":88}'::jsonb),
  (public.plebi_seed_uuid('tool-stable-diffusion'), 'stable-diffusion', 'Stable Diffusion', public.plebi_seed_uuid('cat-image'), 'Open models', 'Open image generation ecosystem with broad model, hosting, and customization options.', 'Best for technical teams that want control, extensibility, and custom visual pipelines.', 'Technical teams that need controllable, customizable image generation pipelines.', 'https://stability.ai', 'Open models and platform plans', '2022', 'Established', '{"capability":87,"usability":72,"reliability":78,"value":90,"adoption":86}'::jsonb),
  (public.plebi_seed_uuid('tool-adobe-firefly'), 'adobe-firefly', 'Adobe Firefly', public.plebi_seed_uuid('cat-image'), 'Design tooling', 'Commercially oriented generative media built into Adobe creative workflows.', 'A strong enterprise option where brand safety, rights posture, and designer workflow integration are central.', 'Design organizations that need commercial safety and Adobe workflow integration.', 'https://www.adobe.com/products/firefly.html', 'Included with Adobe plans and credit packs', '2023', 'Established', '{"capability":83,"usability":88,"reliability":87,"value":75,"adoption":84}'::jsonb),
  (public.plebi_seed_uuid('tool-leonardo-ai'), 'leonardo-ai', 'Leonardo AI', public.plebi_seed_uuid('cat-image'), 'Creative production', 'Creative image and asset generation platform with production-friendly controls.', 'Useful for game, product, and content teams needing rapid visual variants and style consistency.', 'Game, product, and content teams creating fast visual variants.', 'https://leonardo.ai', 'Free, Apprentice, Artisan, Maestro', '2022', 'Scaling', '{"capability":82,"usability":82,"reliability":79,"value":83,"adoption":76}'::jsonb),
  (public.plebi_seed_uuid('tool-runway'), 'runway', 'Runway', public.plebi_seed_uuid('cat-video-audio'), 'Video generation', 'Generative video and creative editing suite for professional media workflows.', 'Strong for teams creating video concepts, campaign assets, and AI-assisted edits with increasing control.', 'Creative teams making AI-assisted video concepts and production edits.', 'https://runwayml.com', 'Free, Standard, Pro, Unlimited, Enterprise', '2018', 'Established', '{"capability":90,"usability":84,"reliability":80,"value":78,"adoption":86}'::jsonb),
  (public.plebi_seed_uuid('tool-synthesia'), 'synthesia', 'Synthesia', public.plebi_seed_uuid('cat-video-audio'), 'Avatar video', 'Enterprise avatar video platform for training, enablement, and localization.', 'Best when repeatable business video, governance, and localization matter more than cinematic generation.', 'Businesses producing governed training, enablement, and localized avatar video.', 'https://www.synthesia.io', 'Starter, Creator, Enterprise', '2017', 'Established', '{"capability":84,"usability":88,"reliability":87,"value":76,"adoption":82}'::jsonb),
  (public.plebi_seed_uuid('tool-descript'), 'descript', 'Descript', public.plebi_seed_uuid('cat-video-audio'), 'Editing', 'Text-based audio and video editor with transcription, cleanup, and overdub workflows.', 'A strong fit for podcasts, customer education, and lightweight video operations.', 'Podcast, education, and video teams editing media through transcripts.', 'https://www.descript.com', 'Free, Hobbyist, Creator, Business, Enterprise', '2017', 'Established', '{"capability":82,"usability":90,"reliability":84,"value":83,"adoption":80}'::jsonb),
  (public.plebi_seed_uuid('tool-elevenlabs'), 'elevenlabs', 'ElevenLabs', public.plebi_seed_uuid('cat-video-audio'), 'Voice AI', 'Voice synthesis, dubbing, and audio generation with high perceived realism.', 'Best for teams producing narration, localization, and voice interfaces with quality-sensitive output.', 'Teams producing realistic narration, dubbing, and voice experiences.', 'https://elevenlabs.io', 'Free, Starter, Creator, Pro, Scale, Business', '2022', 'Established', '{"capability":91,"usability":86,"reliability":84,"value":82,"adoption":85}'::jsonb),
  (public.plebi_seed_uuid('tool-pika'), 'pika', 'Pika', public.plebi_seed_uuid('cat-video-audio'), 'Video generation', 'Fast AI video generation for short-form visual experimentation.', 'Good for creative teams testing motion ideas and social video concepts with a lower setup burden.', 'Creators testing short-form motion ideas with low setup overhead.', 'https://pika.art', 'Free, Standard, Pro, Fancy', '2023', 'Scaling', '{"capability":78,"usability":83,"reliability":73,"value":80,"adoption":76}'::jsonb),
  (public.plebi_seed_uuid('tool-github-copilot'), 'github-copilot', 'GitHub Copilot', public.plebi_seed_uuid('cat-coding'), 'IDE assistant', 'Developer assistant embedded in common code editors and GitHub workflows.', 'A default option for engineering teams that want broad IDE coverage and enterprise controls.', 'Engineering teams that want broad IDE coverage and enterprise controls.', 'https://github.com/features/copilot', 'Individual, Business, Enterprise', '2021', 'Established', '{"capability":88,"usability":91,"reliability":85,"value":83,"adoption":95}'::jsonb),
  (public.plebi_seed_uuid('tool-cursor'), 'cursor', 'Cursor', public.plebi_seed_uuid('cat-coding'), 'IDE assistant', 'AI-native code editor focused on repository-aware coding and agentic edits.', 'Strong for individual developers and teams that want deep context inside a fast AI-first IDE.', 'Developers who want an AI-native editor with repository-aware assistance.', 'https://cursor.com', 'Free, Pro, Business', '2023', 'Scaling', '{"capability":91,"usability":89,"reliability":82,"value":84,"adoption":87}'::jsonb),
  (public.plebi_seed_uuid('tool-replit-agent'), 'replit-agent', 'Replit Agent', public.plebi_seed_uuid('cat-coding'), 'Code agent', 'Cloud development agent for building, running, and iterating on software projects.', 'Best for rapid prototypes, learning, and shipping small apps in a hosted development environment.', 'Builders shipping prototypes and small apps in a hosted coding workspace.', 'https://replit.com', 'Starter, Replit Core, Teams', '2024', 'Scaling', '{"capability":82,"usability":86,"reliability":76,"value":80,"adoption":78}'::jsonb),
  (public.plebi_seed_uuid('tool-codeium'), 'codeium', 'Codeium', public.plebi_seed_uuid('cat-coding'), 'IDE assistant', 'Code completion and chat assistant with accessible pricing and enterprise options.', 'Appealing to teams evaluating coding assistance with cost sensitivity and broad editor support.', 'Teams evaluating code assistance with cost sensitivity and editor flexibility.', 'https://codeium.com', 'Individual, Teams, Enterprise', '2021', 'Scaling', '{"capability":80,"usability":83,"reliability":80,"value":88,"adoption":74}'::jsonb),
  (public.plebi_seed_uuid('tool-sourcegraph-cody'), 'sourcegraph-cody', 'Sourcegraph Cody', public.plebi_seed_uuid('cat-coding'), 'Code search', 'Code AI assistant built around repository search and large codebase context.', 'Strong for organizations where code understanding, migration, and repository-scale context are key.', 'Organizations working across large codebases, migrations, and code search.', 'https://sourcegraph.com/cody', 'Free, Pro, Enterprise', '2023', 'Scaling', '{"capability":81,"usability":78,"reliability":82,"value":79,"adoption":70}'::jsonb),
  (public.plebi_seed_uuid('tool-perplexity'), 'perplexity', 'Perplexity', public.plebi_seed_uuid('cat-research'), 'Answer engine', 'AI answer engine with citations, web retrieval, and research-focused responses.', 'Best for users who want quick synthesis with visible sources and a lower-friction search workflow.', 'Researchers who need fast answers with visible web citations.', 'https://www.perplexity.ai', 'Free, Pro, Enterprise Pro', '2022', 'Established', '{"capability":88,"usability":90,"reliability":83,"value":86,"adoption":88}'::jsonb),
  (public.plebi_seed_uuid('tool-elicit'), 'elicit', 'Elicit', public.plebi_seed_uuid('cat-research'), 'Academic research', 'Research assistant for literature review, paper discovery, and evidence extraction.', 'Useful for researchers and analysts who need structured evidence workflows rather than general answers.', 'Analysts and academics running structured literature review workflows.', 'https://elicit.com', 'Basic, Plus, Pro, Enterprise', '2020', 'Scaling', '{"capability":82,"usability":80,"reliability":84,"value":78,"adoption":70}'::jsonb),
  (public.plebi_seed_uuid('tool-consensus'), 'consensus', 'Consensus', public.plebi_seed_uuid('cat-research'), 'Citation synthesis', 'Evidence search engine focused on scientific claims and literature-backed answers.', 'Best for users validating claims against research literature with clearer citation context.', 'Users validating claims against scientific literature and citations.', 'https://consensus.app', 'Free, Premium, Teams', '2021', 'Scaling', '{"capability":80,"usability":82,"reliability":83,"value":80,"adoption":68}'::jsonb),
  (public.plebi_seed_uuid('tool-glean'), 'glean', 'Glean', public.plebi_seed_uuid('cat-research'), 'Enterprise search', 'Enterprise AI search and knowledge assistant across workplace applications.', 'A strong option for larger companies consolidating knowledge discovery and assistant workflows.', 'Larger companies unifying enterprise search and workplace knowledge.', 'https://www.glean.com', 'Enterprise', '2019', 'Established', '{"capability":86,"usability":84,"reliability":88,"value":74,"adoption":79}'::jsonb),
  (public.plebi_seed_uuid('tool-you-com'), 'you-com', 'You.com', public.plebi_seed_uuid('cat-research'), 'Answer engine', 'AI search and assistant platform for web answers, research, and productivity modes.', 'Useful for users comparing answer styles and wanting an AI search workflow with configurable modes.', 'Users comparing AI search modes for research and productivity.', 'https://you.com', 'Free, Pro, Team', '2020', 'Scaling', '{"capability":76,"usability":80,"reliability":76,"value":82,"adoption":66}'::jsonb),
  (public.plebi_seed_uuid('tool-notion-ai'), 'notion-ai', 'Notion AI', public.plebi_seed_uuid('cat-productivity'), 'Workspace AI', 'AI writing, search, and synthesis embedded inside the Notion workspace.', 'Best for teams already using Notion for notes, documentation, projects, and internal knowledge.', 'Teams already running docs, notes, and projects in Notion.', 'https://www.notion.com/product/ai', 'Add-on and bundled business plans', '2023', 'Established', '{"capability":80,"usability":89,"reliability":82,"value":78,"adoption":84}'::jsonb),
  (public.plebi_seed_uuid('tool-grammarly'), 'grammarly', 'Grammarly', public.plebi_seed_uuid('cat-productivity'), 'Workspace AI', 'Writing assistance and communication quality platform with AI drafting features.', 'Strong for broad business communication, policy-aware writing, and organization-wide deployment.', 'Organizations improving business communication quality across many users.', 'https://www.grammarly.com', 'Free, Pro, Business, Enterprise', '2009', 'Established', '{"capability":78,"usability":92,"reliability":90,"value":80,"adoption":91}'::jsonb),
  (public.plebi_seed_uuid('tool-otter-ai'), 'otter-ai', 'Otter.ai', public.plebi_seed_uuid('cat-productivity'), 'Meetings', 'Meeting transcription, summaries, and conversation intelligence for business teams.', 'Useful when recurring meetings need searchable records, action items, and lightweight summaries.', 'Teams that need searchable meeting records, summaries, and action items.', 'https://otter.ai', 'Basic, Pro, Business, Enterprise', '2016', 'Established', '{"capability":76,"usability":86,"reliability":82,"value":82,"adoption":78}'::jsonb),
  (public.plebi_seed_uuid('tool-zapier-ai'), 'zapier-ai', 'Zapier AI', public.plebi_seed_uuid('cat-productivity'), 'Automation', 'Automation builder with AI-assisted workflow creation across business apps.', 'Best for operations teams turning repeatable cross-app processes into maintainable automations.', 'Operations teams automating repeatable cross-app business processes.', 'https://zapier.com/ai', 'Free, Professional, Team, Enterprise', '2023', 'Established', '{"capability":82,"usability":84,"reliability":86,"value":82,"adoption":88}'::jsonb),
  (public.plebi_seed_uuid('tool-gamma'), 'gamma', 'Gamma', public.plebi_seed_uuid('cat-productivity'), 'Presentations', 'AI presentation and document creation platform for fast narrative assets.', 'A good fit for teams creating briefings, decks, and shareable content with less manual formatting.', 'Teams creating fast briefings, decks, and shareable narrative assets.', 'https://gamma.app', 'Free, Plus, Pro', '2022', 'Scaling', '{"capability":78,"usability":88,"reliability":78,"value":84,"adoption":76}'::jsonb),
  (public.plebi_seed_uuid('tool-hubspot-breeze'), 'hubspot-breeze', 'HubSpot Breeze', public.plebi_seed_uuid('cat-sales'), 'CRM AI', 'HubSpot''s AI layer for CRM insights, content, support, and revenue workflows.', 'Best for HubSpot customers looking to add AI assistance without leaving the CRM operating system.', 'HubSpot customers adding AI to CRM, support, and revenue workflows.', 'https://www.hubspot.com/products/artificial-intelligence', 'Bundled across HubSpot hubs', '2024', 'Established', '{"capability":80,"usability":86,"reliability":84,"value":78,"adoption":83}'::jsonb),
  (public.plebi_seed_uuid('tool-clay'), 'clay', 'Clay', public.plebi_seed_uuid('cat-sales'), 'Outbound', 'AI-assisted data enrichment and outbound workflow builder for go-to-market teams.', 'Strong for modern revenue teams that want flexible prospecting, enrichment, and personalization workflows.', 'Modern revenue teams building enrichment and personalized outbound systems.', 'https://www.clay.com', 'Free, Starter, Explorer, Pro, Enterprise', '2017', 'Scaling', '{"capability":87,"usability":80,"reliability":82,"value":82,"adoption":79}'::jsonb),
  (public.plebi_seed_uuid('tool-apollo-ai'), 'apollo-ai', 'Apollo AI', public.plebi_seed_uuid('cat-sales'), 'Outbound', 'Sales intelligence and engagement platform with AI-assisted prospecting and messaging.', 'Useful for teams consolidating prospect data, sequencing, and AI-assisted sales execution.', 'Sales teams consolidating prospect data, sequencing, and messaging.', 'https://www.apollo.io', 'Free, Basic, Professional, Organization', '2023', 'Established', '{"capability":81,"usability":82,"reliability":82,"value":84,"adoption":86}'::jsonb),
  (public.plebi_seed_uuid('tool-lavender'), 'lavender', 'Lavender', public.plebi_seed_uuid('cat-sales'), 'Email coaching', 'AI email coach for sales reps focused on improving outbound message quality.', 'Best for teams that need targeted coaching and feedback inside seller communication workflows.', 'Sales reps and managers improving outbound email quality.', 'https://www.lavender.ai', 'Free, Individual Pro, Teams', '2020', 'Scaling', '{"capability":76,"usability":85,"reliability":79,"value":80,"adoption":68}'::jsonb),
  (public.plebi_seed_uuid('tool-mutiny'), 'mutiny', 'Mutiny', public.plebi_seed_uuid('cat-sales'), 'Personalization', 'Website personalization platform using AI-assisted targeting and content adaptation.', 'Strong for B2B marketing teams optimizing conversion paths across segments and accounts.', 'B2B marketers personalizing website conversion paths by segment.', 'https://www.mutinyhq.com', 'Custom', '2018', 'Scaling', '{"capability":78,"usability":77,"reliability":80,"value":72,"adoption":64}'::jsonb),
  (public.plebi_seed_uuid('tool-tableau-pulse'), 'tableau-pulse', 'Tableau Pulse', public.plebi_seed_uuid('cat-data'), 'BI copilot', 'AI-powered analytics experience embedded in the Tableau and Salesforce ecosystem.', 'Best for organizations already invested in Tableau that want proactive metrics and guided insights.', 'Tableau and Salesforce teams adopting proactive metric insights.', 'https://www.tableau.com/products/tableau-pulse', 'Tableau and Salesforce plans', '2024', 'Established', '{"capability":82,"usability":80,"reliability":86,"value":74,"adoption":78}'::jsonb),
  (public.plebi_seed_uuid('tool-julius-ai'), 'julius-ai', 'Julius AI', public.plebi_seed_uuid('cat-data'), 'Data analyst', 'AI data analyst for spreadsheets, charts, statistical questions, and quick analysis.', 'A useful lightweight analyst for individuals and teams working with uploaded files and fast questions.', 'Individuals and teams analyzing spreadsheets, charts, and uploaded data.', 'https://julius.ai', 'Free, Essential, Pro', '2023', 'Scaling', '{"capability":80,"usability":84,"reliability":76,"value":84,"adoption":70}'::jsonb),
  (public.plebi_seed_uuid('tool-akkio'), 'akkio', 'Akkio', public.plebi_seed_uuid('cat-data'), 'AutoML', 'No-code predictive analytics and AI data preparation platform for business teams.', 'Best for teams that want accessible forecasting and predictive workflows without heavy data science setup.', 'Business teams building no-code predictive analytics and forecasts.', 'https://www.akkio.com', 'Basic, Professional, Business', '2019', 'Scaling', '{"capability":78,"usability":82,"reliability":78,"value":80,"adoption":62}'::jsonb),
  (public.plebi_seed_uuid('tool-datarobot'), 'datarobot', 'DataRobot', public.plebi_seed_uuid('cat-data'), 'AutoML', 'Enterprise AI platform for model building, governance, monitoring, and decision automation.', 'Strong for regulated or mature organizations that need governed AI delivery across complex environments.', 'Enterprise teams that need governed model development and monitoring.', 'https://www.datarobot.com', 'Enterprise', '2012', 'Established', '{"capability":86,"usability":74,"reliability":88,"value":70,"adoption":76}'::jsonb),
  (public.plebi_seed_uuid('tool-thoughtspot-sage'), 'thoughtspot-sage', 'ThoughtSpot Sage', public.plebi_seed_uuid('cat-data'), 'BI copilot', 'Natural-language analytics and AI-assisted BI exploration for business users.', 'Useful for organizations that want searchable analytics experiences with governed business data.', 'Organizations offering natural-language BI on governed business data.', 'https://www.thoughtspot.com', 'Essentials, Pro, Enterprise', '2023', 'Established', '{"capability":80,"usability":81,"reliability":84,"value":74,"adoption":68}'::jsonb)
on conflict (slug) do update set
  name = excluded.name,
  category_id = excluded.category_id,
  subcategory = excluded.subcategory,
  tagline = excluded.tagline,
  summary = excluded.summary,
  best_for = excluded.best_for,
  website = excluded.website,
  pricing = excluded.pricing,
  founded = excluded.founded,
  stage = excluded.stage,
  metrics = excluded.metrics;

insert into public.source_observations (id, tool_id, source_id, title, observed_at, score, confidence, metric_impacts, notes)
values
  (public.plebi_seed_uuid('tool-chatgpt-source-benchmark'), public.plebi_seed_uuid('tool-chatgpt'), public.plebi_seed_uuid('source-benchmark'), 'Capability benchmark', '2026-04-10', 89, 0.94, '{"capability":94,"reliability":88}'::jsonb, 'ChatGPT scored strongest on capability with supporting signal from reliability. Confidence reflects source credibility, sample depth, and recency.'),
  (public.plebi_seed_uuid('tool-chatgpt-source-operator'), public.plebi_seed_uuid('tool-chatgpt'), public.plebi_seed_uuid('source-operator'), 'Operator workflow review', '2026-01-14', 95, 0.92, '{"usability":91,"capability":94}'::jsonb, 'ChatGPT scored strongest on usability with supporting signal from capability. Confidence reflects source credibility, sample depth, and recency.'),
  (public.plebi_seed_uuid('tool-chatgpt-source-community'), public.plebi_seed_uuid('tool-chatgpt'), public.plebi_seed_uuid('source-community'), 'Verified user poll readout', '2026-02-18', 89, 0.78, '{"adoption":96,"usability":91}'::jsonb, 'ChatGPT scored strongest on adoption with supporting signal from usability. Confidence reflects source credibility, sample depth, and recency.'),
  (public.plebi_seed_uuid('tool-chatgpt-source-pricing'), public.plebi_seed_uuid('tool-chatgpt'), public.plebi_seed_uuid('source-pricing'), 'Pricing and packaging audit', '2026-03-22', 89, 0.84, '{"value":86,"usability":91}'::jsonb, 'ChatGPT scored strongest on value with supporting signal from usability. Confidence reflects source credibility, sample depth, and recency.'),
  (public.plebi_seed_uuid('tool-chatgpt-source-trust'), public.plebi_seed_uuid('tool-chatgpt'), public.plebi_seed_uuid('source-trust'), 'Trust and security review', '2026-04-03', 85, 0.82, '{"reliability":88,"adoption":96}'::jsonb, 'ChatGPT scored strongest on reliability with supporting signal from adoption. Confidence reflects source credibility, sample depth, and recency.'),
  (public.plebi_seed_uuid('tool-claude-source-benchmark'), public.plebi_seed_uuid('tool-claude'), public.plebi_seed_uuid('source-benchmark'), 'Capability benchmark', '2026-03-09', 94, 0.98, '{"capability":93,"reliability":90}'::jsonb, 'Claude scored strongest on capability with supporting signal from reliability. Confidence reflects source credibility, sample depth, and recency.'),
  (public.plebi_seed_uuid('tool-claude-source-operator'), public.plebi_seed_uuid('tool-claude'), public.plebi_seed_uuid('source-operator'), 'Operator workflow review', '2026-04-13', 85, 0.85, '{"usability":89,"capability":93}'::jsonb, 'Claude scored strongest on usability with supporting signal from capability. Confidence reflects source credibility, sample depth, and recency.'),
  (public.plebi_seed_uuid('tool-claude-source-community'), public.plebi_seed_uuid('tool-claude'), public.plebi_seed_uuid('source-community'), 'Verified user poll readout', '2026-01-17', 89, 0.82, '{"adoption":88,"usability":89}'::jsonb, 'Claude scored strongest on adoption with supporting signal from usability. Confidence reflects source credibility, sample depth, and recency.'),
  (public.plebi_seed_uuid('tool-claude-source-pricing'), public.plebi_seed_uuid('tool-claude'), public.plebi_seed_uuid('source-pricing'), 'Pricing and packaging audit', '2026-02-21', 79, 0.77, '{"value":84,"usability":89}'::jsonb, 'Claude scored strongest on value with supporting signal from usability. Confidence reflects source credibility, sample depth, and recency.'),
  (public.plebi_seed_uuid('tool-claude-source-trust'), public.plebi_seed_uuid('tool-claude'), public.plebi_seed_uuid('source-trust'), 'Trust and security review', '2026-03-25', 89, 0.87, '{"reliability":90,"adoption":88}'::jsonb, 'Claude scored strongest on reliability with supporting signal from adoption. Confidence reflects source credibility, sample depth, and recency.'),
  (public.plebi_seed_uuid('tool-jasper-source-benchmark'), public.plebi_seed_uuid('tool-jasper'), public.plebi_seed_uuid('source-benchmark'), 'Capability benchmark', '2026-03-09', 82, 0.96, '{"capability":82,"reliability":83}'::jsonb, 'Jasper scored strongest on capability with supporting signal from reliability. Confidence reflects source credibility, sample depth, and recency.'),
  (public.plebi_seed_uuid('tool-jasper-source-operator'), public.plebi_seed_uuid('tool-jasper'), public.plebi_seed_uuid('source-operator'), 'Operator workflow review', '2026-04-13', 89, 0.82, '{"usability":84,"capability":82}'::jsonb, 'Jasper scored strongest on usability with supporting signal from capability. Confidence reflects source credibility, sample depth, and recency.'),
  (public.plebi_seed_uuid('tool-jasper-source-community'), public.plebi_seed_uuid('tool-jasper'), public.plebi_seed_uuid('source-community'), 'Verified user poll readout', '2026-01-17', 79, 0.8, '{"adoption":80,"usability":84}'::jsonb, 'Jasper scored strongest on adoption with supporting signal from usability. Confidence reflects source credibility, sample depth, and recency.'),
  (public.plebi_seed_uuid('tool-jasper-source-pricing'), public.plebi_seed_uuid('tool-jasper'), public.plebi_seed_uuid('source-pricing'), 'Pricing and packaging audit', '2026-02-21', 81, 0.74, '{"value":72,"usability":84}'::jsonb, 'Jasper scored strongest on value with supporting signal from usability. Confidence reflects source credibility, sample depth, and recency.'),
  (public.plebi_seed_uuid('tool-jasper-source-trust'), public.plebi_seed_uuid('tool-jasper'), public.plebi_seed_uuid('source-trust'), 'Trust and security review', '2026-03-25', 80, 0.84, '{"reliability":83,"adoption":80}'::jsonb, 'Jasper scored strongest on reliability with supporting signal from adoption. Confidence reflects source credibility, sample depth, and recency.'),
  (public.plebi_seed_uuid('tool-copy-ai-source-benchmark'), public.plebi_seed_uuid('tool-copy-ai'), public.plebi_seed_uuid('source-benchmark'), 'Capability benchmark', '2026-04-10', 85, 0.9, '{"capability":78,"reliability":78}'::jsonb, 'Copy.ai scored strongest on capability with supporting signal from reliability. Confidence reflects source credibility, sample depth, and recency.'),
  (public.plebi_seed_uuid('tool-copy-ai-source-operator'), public.plebi_seed_uuid('tool-copy-ai'), public.plebi_seed_uuid('source-operator'), 'Operator workflow review', '2026-01-14', 80, 0.87, '{"usability":83,"capability":78}'::jsonb, 'Copy.ai scored strongest on usability with supporting signal from capability. Confidence reflects source credibility, sample depth, and recency.'),
  (public.plebi_seed_uuid('tool-copy-ai-source-community'), public.plebi_seed_uuid('tool-copy-ai'), public.plebi_seed_uuid('source-community'), 'Verified user poll readout', '2026-02-18', 81, 0.74, '{"adoption":74,"usability":83}'::jsonb, 'Copy.ai scored strongest on adoption with supporting signal from usability. Confidence reflects source credibility, sample depth, and recency.'),
  (public.plebi_seed_uuid('tool-copy-ai-source-pricing'), public.plebi_seed_uuid('tool-copy-ai'), public.plebi_seed_uuid('source-pricing'), 'Pricing and packaging audit', '2026-03-22', 76, 0.79, '{"value":77,"usability":83}'::jsonb, 'Copy.ai scored strongest on value with supporting signal from usability. Confidence reflects source credibility, sample depth, and recency.'),
  (public.plebi_seed_uuid('tool-copy-ai-source-trust'), public.plebi_seed_uuid('tool-copy-ai'), public.plebi_seed_uuid('source-trust'), 'Trust and security review', '2026-04-03', 81, 0.89, '{"reliability":78,"adoption":74}'::jsonb, 'Copy.ai scored strongest on reliability with supporting signal from adoption. Confidence reflects source credibility, sample depth, and recency.'),
  (public.plebi_seed_uuid('tool-writesonic-source-benchmark'), public.plebi_seed_uuid('tool-writesonic'), public.plebi_seed_uuid('source-benchmark'), 'Capability benchmark', '2026-03-13', 72, 0.91, '{"capability":76,"reliability":75}'::jsonb, 'Writesonic scored strongest on capability with supporting signal from reliability. Confidence reflects source credibility, sample depth, and recency.'),
  (public.plebi_seed_uuid('tool-writesonic-source-operator'), public.plebi_seed_uuid('tool-writesonic'), public.plebi_seed_uuid('source-operator'), 'Operator workflow review', '2026-04-17', 80, 0.89, '{"usability":80,"capability":76}'::jsonb, 'Writesonic scored strongest on usability with supporting signal from capability. Confidence reflects source credibility, sample depth, and recency.'),
  (public.plebi_seed_uuid('tool-writesonic-source-community'), public.plebi_seed_uuid('tool-writesonic'), public.plebi_seed_uuid('source-community'), 'Verified user poll readout', '2026-01-21', 81, 0.76, '{"adoption":71,"usability":80}'::jsonb, 'Writesonic scored strongest on adoption with supporting signal from usability. Confidence reflects source credibility, sample depth, and recency.'),
  (public.plebi_seed_uuid('tool-writesonic-source-pricing'), public.plebi_seed_uuid('tool-writesonic'), public.plebi_seed_uuid('source-pricing'), 'Pricing and packaging audit', '2026-02-25', 79, 0.81, '{"value":79,"usability":80}'::jsonb, 'Writesonic scored strongest on value with supporting signal from usability. Confidence reflects source credibility, sample depth, and recency.'),
  (public.plebi_seed_uuid('tool-writesonic-source-trust'), public.plebi_seed_uuid('tool-writesonic'), public.plebi_seed_uuid('source-trust'), 'Trust and security review', '2026-03-06', 80, 0.8, '{"reliability":75,"adoption":71}'::jsonb, 'Writesonic scored strongest on reliability with supporting signal from adoption. Confidence reflects source credibility, sample depth, and recency.'),
  (public.plebi_seed_uuid('tool-midjourney-source-benchmark'), public.plebi_seed_uuid('tool-midjourney'), public.plebi_seed_uuid('source-benchmark'), 'Capability benchmark', '2026-03-13', 98, 0.91, '{"capability":94,"reliability":86}'::jsonb, 'Midjourney scored strongest on capability with supporting signal from reliability. Confidence reflects source credibility, sample depth, and recency.'),
  (public.plebi_seed_uuid('tool-midjourney-source-operator'), public.plebi_seed_uuid('tool-midjourney'), public.plebi_seed_uuid('source-operator'), 'Operator workflow review', '2026-04-17', 82, 0.88, '{"usability":78,"capability":94}'::jsonb, 'Midjourney scored strongest on usability with supporting signal from capability. Confidence reflects source credibility, sample depth, and recency.'),
  (public.plebi_seed_uuid('tool-midjourney-source-community'), public.plebi_seed_uuid('tool-midjourney'), public.plebi_seed_uuid('source-community'), 'Verified user poll readout', '2026-01-21', 92, 0.75, '{"adoption":92,"usability":78}'::jsonb, 'Midjourney scored strongest on adoption with supporting signal from usability. Confidence reflects source credibility, sample depth, and recency.'),
  (public.plebi_seed_uuid('tool-midjourney-source-pricing'), public.plebi_seed_uuid('tool-midjourney'), public.plebi_seed_uuid('source-pricing'), 'Pricing and packaging audit', '2026-02-25', 78, 0.8, '{"value":81,"usability":78}'::jsonb, 'Midjourney scored strongest on value with supporting signal from usability. Confidence reflects source credibility, sample depth, and recency.'),
  (public.plebi_seed_uuid('tool-midjourney-source-trust'), public.plebi_seed_uuid('tool-midjourney'), public.plebi_seed_uuid('source-trust'), 'Trust and security review', '2026-03-06', 92, 0.79, '{"reliability":86,"adoption":92}'::jsonb, 'Midjourney scored strongest on reliability with supporting signal from adoption. Confidence reflects source credibility, sample depth, and recency.'),
  (public.plebi_seed_uuid('tool-dall-e-source-benchmark'), public.plebi_seed_uuid('tool-dall-e'), public.plebi_seed_uuid('source-benchmark'), 'Capability benchmark', '2026-03-09', 91, 0.89, '{"capability":88,"reliability":84}'::jsonb, 'DALL-E scored strongest on capability with supporting signal from reliability. Confidence reflects source credibility, sample depth, and recency.'),
  (public.plebi_seed_uuid('tool-dall-e-source-operator'), public.plebi_seed_uuid('tool-dall-e'), public.plebi_seed_uuid('source-operator'), 'Operator workflow review', '2026-04-13', 86, 0.86, '{"usability":90,"capability":88}'::jsonb, 'DALL-E scored strongest on usability with supporting signal from capability. Confidence reflects source credibility, sample depth, and recency.'),
  (public.plebi_seed_uuid('tool-dall-e-source-community'), public.plebi_seed_uuid('tool-dall-e'), public.plebi_seed_uuid('source-community'), 'Verified user poll readout', '2026-01-17', 91, 0.84, '{"adoption":88,"usability":90}'::jsonb, 'DALL-E scored strongest on adoption with supporting signal from usability. Confidence reflects source credibility, sample depth, and recency.'),
  (public.plebi_seed_uuid('tool-dall-e-source-pricing'), public.plebi_seed_uuid('tool-dall-e'), public.plebi_seed_uuid('source-pricing'), 'Pricing and packaging audit', '2026-02-21', 80, 0.79, '{"value":82,"usability":90}'::jsonb, 'DALL-E scored strongest on value with supporting signal from usability. Confidence reflects source credibility, sample depth, and recency.'),
  (public.plebi_seed_uuid('tool-dall-e-source-trust'), public.plebi_seed_uuid('tool-dall-e'), public.plebi_seed_uuid('source-trust'), 'Trust and security review', '2026-03-25', 88, 0.88, '{"reliability":84,"adoption":88}'::jsonb, 'DALL-E scored strongest on reliability with supporting signal from adoption. Confidence reflects source credibility, sample depth, and recency.'),
  (public.plebi_seed_uuid('tool-stable-diffusion-source-benchmark'), public.plebi_seed_uuid('tool-stable-diffusion'), public.plebi_seed_uuid('source-benchmark'), 'Capability benchmark', '2026-01-19', 85, 0.96, '{"capability":87,"reliability":78}'::jsonb, 'Stable Diffusion scored strongest on capability with supporting signal from reliability. Confidence reflects source credibility, sample depth, and recency.'),
  (public.plebi_seed_uuid('tool-stable-diffusion-source-operator'), public.plebi_seed_uuid('tool-stable-diffusion'), public.plebi_seed_uuid('source-operator'), 'Operator workflow review', '2026-02-23', 84, 0.83, '{"usability":72,"capability":87}'::jsonb, 'Stable Diffusion scored strongest on usability with supporting signal from capability. Confidence reflects source credibility, sample depth, and recency.'),
  (public.plebi_seed_uuid('tool-stable-diffusion-source-community'), public.plebi_seed_uuid('tool-stable-diffusion'), public.plebi_seed_uuid('source-community'), 'Verified user poll readout', '2026-03-04', 81, 0.81, '{"adoption":86,"usability":72}'::jsonb, 'Stable Diffusion scored strongest on adoption with supporting signal from usability. Confidence reflects source credibility, sample depth, and recency.'),
  (public.plebi_seed_uuid('tool-stable-diffusion-source-pricing'), public.plebi_seed_uuid('tool-stable-diffusion'), public.plebi_seed_uuid('source-pricing'), 'Pricing and packaging audit', '2026-04-08', 89, 0.75, '{"value":90,"usability":72}'::jsonb, 'Stable Diffusion scored strongest on value with supporting signal from usability. Confidence reflects source credibility, sample depth, and recency.'),
  (public.plebi_seed_uuid('tool-stable-diffusion-source-trust'), public.plebi_seed_uuid('tool-stable-diffusion'), public.plebi_seed_uuid('source-trust'), 'Trust and security review', '2026-01-12', 79, 0.85, '{"reliability":78,"adoption":86}'::jsonb, 'Stable Diffusion scored strongest on reliability with supporting signal from adoption. Confidence reflects source credibility, sample depth, and recency.'),
  (public.plebi_seed_uuid('tool-adobe-firefly-source-benchmark'), public.plebi_seed_uuid('tool-adobe-firefly'), public.plebi_seed_uuid('source-benchmark'), 'Capability benchmark', '2026-02-16', 81, 0.93, '{"capability":83,"reliability":87}'::jsonb, 'Adobe Firefly scored strongest on capability with supporting signal from reliability. Confidence reflects source credibility, sample depth, and recency.'),
  (public.plebi_seed_uuid('tool-adobe-firefly-source-operator'), public.plebi_seed_uuid('tool-adobe-firefly'), public.plebi_seed_uuid('source-operator'), 'Operator workflow review', '2026-03-20', 89, 0.91, '{"usability":88,"capability":83}'::jsonb, 'Adobe Firefly scored strongest on usability with supporting signal from capability. Confidence reflects source credibility, sample depth, and recency.'),
  (public.plebi_seed_uuid('tool-adobe-firefly-source-community'), public.plebi_seed_uuid('tool-adobe-firefly'), public.plebi_seed_uuid('source-community'), 'Verified user poll readout', '2026-04-24', 80, 0.77, '{"adoption":84,"usability":88}'::jsonb, 'Adobe Firefly scored strongest on adoption with supporting signal from usability. Confidence reflects source credibility, sample depth, and recency.'),
  (public.plebi_seed_uuid('tool-adobe-firefly-source-pricing'), public.plebi_seed_uuid('tool-adobe-firefly'), public.plebi_seed_uuid('source-pricing'), 'Pricing and packaging audit', '2026-01-05', 81, 0.83, '{"value":75,"usability":88}'::jsonb, 'Adobe Firefly scored strongest on value with supporting signal from usability. Confidence reflects source credibility, sample depth, and recency.'),
  (public.plebi_seed_uuid('tool-adobe-firefly-source-trust'), public.plebi_seed_uuid('tool-adobe-firefly'), public.plebi_seed_uuid('source-trust'), 'Trust and security review', '2026-02-09', 80, 0.82, '{"reliability":87,"adoption":84}'::jsonb, 'Adobe Firefly scored strongest on reliability with supporting signal from adoption. Confidence reflects source credibility, sample depth, and recency.'),
  (public.plebi_seed_uuid('tool-leonardo-ai-source-benchmark'), public.plebi_seed_uuid('tool-leonardo-ai'), public.plebi_seed_uuid('source-benchmark'), 'Capability benchmark', '2026-04-14', 80, 0.95, '{"capability":82,"reliability":79}'::jsonb, 'Leonardo AI scored strongest on capability with supporting signal from reliability. Confidence reflects source credibility, sample depth, and recency.'),
  (public.plebi_seed_uuid('tool-leonardo-ai-source-operator'), public.plebi_seed_uuid('tool-leonardo-ai'), public.plebi_seed_uuid('source-operator'), 'Operator workflow review', '2026-01-18', 87, 0.81, '{"usability":82,"capability":82}'::jsonb, 'Leonardo AI scored strongest on usability with supporting signal from capability. Confidence reflects source credibility, sample depth, and recency.'),
  (public.plebi_seed_uuid('tool-leonardo-ai-source-community'), public.plebi_seed_uuid('tool-leonardo-ai'), public.plebi_seed_uuid('source-community'), 'Verified user poll readout', '2026-02-22', 75, 0.79, '{"adoption":76,"usability":82}'::jsonb, 'Leonardo AI scored strongest on adoption with supporting signal from usability. Confidence reflects source credibility, sample depth, and recency.'),
  (public.plebi_seed_uuid('tool-leonardo-ai-source-pricing'), public.plebi_seed_uuid('tool-leonardo-ai'), public.plebi_seed_uuid('source-pricing'), 'Pricing and packaging audit', '2026-03-03', 86, 0.84, '{"value":83,"usability":82}'::jsonb, 'Leonardo AI scored strongest on value with supporting signal from usability. Confidence reflects source credibility, sample depth, and recency.'),
  (public.plebi_seed_uuid('tool-leonardo-ai-source-trust'), public.plebi_seed_uuid('tool-leonardo-ai'), public.plebi_seed_uuid('source-trust'), 'Trust and security review', '2026-04-07', 75, 0.83, '{"reliability":79,"adoption":76}'::jsonb, 'Leonardo AI scored strongest on reliability with supporting signal from adoption. Confidence reflects source credibility, sample depth, and recency.'),
  (public.plebi_seed_uuid('tool-runway-source-benchmark'), public.plebi_seed_uuid('tool-runway'), public.plebi_seed_uuid('source-benchmark'), 'Capability benchmark', '2026-03-09', 94, 0.91, '{"capability":90,"reliability":80}'::jsonb, 'Runway scored strongest on capability with supporting signal from reliability. Confidence reflects source credibility, sample depth, and recency.'),
  (public.plebi_seed_uuid('tool-runway-source-operator'), public.plebi_seed_uuid('tool-runway'), public.plebi_seed_uuid('source-operator'), 'Operator workflow review', '2026-04-13', 85, 0.88, '{"usability":84,"capability":90}'::jsonb, 'Runway scored strongest on usability with supporting signal from capability. Confidence reflects source credibility, sample depth, and recency.'),
  (public.plebi_seed_uuid('tool-runway-source-community'), public.plebi_seed_uuid('tool-runway'), public.plebi_seed_uuid('source-community'), 'Verified user poll readout', '2026-01-17', 90, 0.75, '{"adoption":86,"usability":84}'::jsonb, 'Runway scored strongest on adoption with supporting signal from usability. Confidence reflects source credibility, sample depth, and recency.'),
  (public.plebi_seed_uuid('tool-runway-source-pricing'), public.plebi_seed_uuid('tool-runway'), public.plebi_seed_uuid('source-pricing'), 'Pricing and packaging audit', '2026-02-21', 78, 0.8, '{"value":78,"usability":84}'::jsonb, 'Runway scored strongest on value with supporting signal from usability. Confidence reflects source credibility, sample depth, and recency.'),
  (public.plebi_seed_uuid('tool-runway-source-trust'), public.plebi_seed_uuid('tool-runway'), public.plebi_seed_uuid('source-trust'), 'Trust and security review', '2026-03-25', 87, 0.79, '{"reliability":80,"adoption":86}'::jsonb, 'Runway scored strongest on reliability with supporting signal from adoption. Confidence reflects source credibility, sample depth, and recency.'),
  (public.plebi_seed_uuid('tool-synthesia-source-benchmark'), public.plebi_seed_uuid('tool-synthesia'), public.plebi_seed_uuid('source-benchmark'), 'Capability benchmark', '2026-02-12', 86, 0.96, '{"capability":84,"reliability":87}'::jsonb, 'Synthesia scored strongest on capability with supporting signal from reliability. Confidence reflects source credibility, sample depth, and recency.'),
  (public.plebi_seed_uuid('tool-synthesia-source-operator'), public.plebi_seed_uuid('tool-synthesia'), public.plebi_seed_uuid('source-operator'), 'Operator workflow review', '2026-03-16', 93, 0.83, '{"usability":88,"capability":84}'::jsonb, 'Synthesia scored strongest on usability with supporting signal from capability. Confidence reflects source credibility, sample depth, and recency.'),
  (public.plebi_seed_uuid('tool-synthesia-source-community'), public.plebi_seed_uuid('tool-synthesia'), public.plebi_seed_uuid('source-community'), 'Verified user poll readout', '2026-04-20', 83, 0.81, '{"adoption":82,"usability":88}'::jsonb, 'Synthesia scored strongest on adoption with supporting signal from usability. Confidence reflects source credibility, sample depth, and recency.'),
  (public.plebi_seed_uuid('tool-synthesia-source-pricing'), public.plebi_seed_uuid('tool-synthesia'), public.plebi_seed_uuid('source-pricing'), 'Pricing and packaging audit', '2026-01-24', 85, 0.75, '{"value":76,"usability":88}'::jsonb, 'Synthesia scored strongest on value with supporting signal from usability. Confidence reflects source credibility, sample depth, and recency.'),
  (public.plebi_seed_uuid('tool-synthesia-source-trust'), public.plebi_seed_uuid('tool-synthesia'), public.plebi_seed_uuid('source-trust'), 'Trust and security review', '2026-02-05', 84, 0.85, '{"reliability":87,"adoption":82}'::jsonb, 'Synthesia scored strongest on reliability with supporting signal from adoption. Confidence reflects source credibility, sample depth, and recency.'),
  (public.plebi_seed_uuid('tool-descript-source-benchmark'), public.plebi_seed_uuid('tool-descript'), public.plebi_seed_uuid('source-benchmark'), 'Capability benchmark', '2026-01-11', 79, 0.92, '{"capability":82,"reliability":84}'::jsonb, 'Descript scored strongest on capability with supporting signal from reliability. Confidence reflects source credibility, sample depth, and recency.'),
  (public.plebi_seed_uuid('tool-descript-source-operator'), public.plebi_seed_uuid('tool-descript'), public.plebi_seed_uuid('source-operator'), 'Operator workflow review', '2026-02-15', 89, 0.9, '{"usability":90,"capability":82}'::jsonb, 'Descript scored strongest on usability with supporting signal from capability. Confidence reflects source credibility, sample depth, and recency.'),
  (public.plebi_seed_uuid('tool-descript-source-community'), public.plebi_seed_uuid('tool-descript'), public.plebi_seed_uuid('source-community'), 'Verified user poll readout', '2026-03-19', 77, 0.76, '{"adoption":80,"usability":90}'::jsonb, 'Descript scored strongest on adoption with supporting signal from usability. Confidence reflects source credibility, sample depth, and recency.'),
  (public.plebi_seed_uuid('tool-descript-source-pricing'), public.plebi_seed_uuid('tool-descript'), public.plebi_seed_uuid('source-pricing'), 'Pricing and packaging audit', '2026-04-23', 85, 0.82, '{"value":83,"usability":90}'::jsonb, 'Descript scored strongest on value with supporting signal from usability. Confidence reflects source credibility, sample depth, and recency.'),
  (public.plebi_seed_uuid('tool-descript-source-trust'), public.plebi_seed_uuid('tool-descript'), public.plebi_seed_uuid('source-trust'), 'Trust and security review', '2026-01-04', 89, 0.81, '{"reliability":84,"adoption":80}'::jsonb, 'Descript scored strongest on reliability with supporting signal from adoption. Confidence reflects source credibility, sample depth, and recency.'),
  (public.plebi_seed_uuid('tool-elevenlabs-source-benchmark'), public.plebi_seed_uuid('tool-elevenlabs'), public.plebi_seed_uuid('source-benchmark'), 'Capability benchmark', '2026-03-13', 84, 0.92, '{"capability":91,"reliability":84}'::jsonb, 'ElevenLabs scored strongest on capability with supporting signal from reliability. Confidence reflects source credibility, sample depth, and recency.'),
  (public.plebi_seed_uuid('tool-elevenlabs-source-operator'), public.plebi_seed_uuid('tool-elevenlabs'), public.plebi_seed_uuid('source-operator'), 'Operator workflow review', '2026-04-17', 89, 0.9, '{"usability":86,"capability":91}'::jsonb, 'ElevenLabs scored strongest on usability with supporting signal from capability. Confidence reflects source credibility, sample depth, and recency.'),
  (public.plebi_seed_uuid('tool-elevenlabs-source-community'), public.plebi_seed_uuid('tool-elevenlabs'), public.plebi_seed_uuid('source-community'), 'Verified user poll readout', '2026-01-21', 79, 0.76, '{"adoption":85,"usability":86}'::jsonb, 'ElevenLabs scored strongest on adoption with supporting signal from usability. Confidence reflects source credibility, sample depth, and recency.'),
  (public.plebi_seed_uuid('tool-elevenlabs-source-pricing'), public.plebi_seed_uuid('tool-elevenlabs'), public.plebi_seed_uuid('source-pricing'), 'Pricing and packaging audit', '2026-02-25', 83, 0.82, '{"value":82,"usability":86}'::jsonb, 'ElevenLabs scored strongest on value with supporting signal from usability. Confidence reflects source credibility, sample depth, and recency.'),
  (public.plebi_seed_uuid('tool-elevenlabs-source-trust'), public.plebi_seed_uuid('tool-elevenlabs'), public.plebi_seed_uuid('source-trust'), 'Trust and security review', '2026-03-06', 91, 0.81, '{"reliability":84,"adoption":85}'::jsonb, 'ElevenLabs scored strongest on reliability with supporting signal from adoption. Confidence reflects source credibility, sample depth, and recency.'),
  (public.plebi_seed_uuid('tool-pika-source-benchmark'), public.plebi_seed_uuid('tool-pika'), public.plebi_seed_uuid('source-benchmark'), 'Capability benchmark', '2026-01-07', 74, 0.93, '{"capability":78,"reliability":73}'::jsonb, 'Pika scored strongest on capability with supporting signal from reliability. Confidence reflects source credibility, sample depth, and recency.'),
  (public.plebi_seed_uuid('tool-pika-source-operator'), public.plebi_seed_uuid('tool-pika'), public.plebi_seed_uuid('source-operator'), 'Operator workflow review', '2026-02-11', 84, 0.91, '{"usability":83,"capability":78}'::jsonb, 'Pika scored strongest on usability with supporting signal from capability. Confidence reflects source credibility, sample depth, and recency.'),
  (public.plebi_seed_uuid('tool-pika-source-community'), public.plebi_seed_uuid('tool-pika'), public.plebi_seed_uuid('source-community'), 'Verified user poll readout', '2026-03-15', 74, 0.77, '{"adoption":76,"usability":83}'::jsonb, 'Pika scored strongest on adoption with supporting signal from usability. Confidence reflects source credibility, sample depth, and recency.'),
  (public.plebi_seed_uuid('tool-pika-source-pricing'), public.plebi_seed_uuid('tool-pika'), public.plebi_seed_uuid('source-pricing'), 'Pricing and packaging audit', '2026-04-19', 82, 0.83, '{"value":80,"usability":83}'::jsonb, 'Pika scored strongest on value with supporting signal from usability. Confidence reflects source credibility, sample depth, and recency.'),
  (public.plebi_seed_uuid('tool-pika-source-trust'), public.plebi_seed_uuid('tool-pika'), public.plebi_seed_uuid('source-trust'), 'Trust and security review', '2026-01-23', 70, 0.82, '{"reliability":73,"adoption":76}'::jsonb, 'Pika scored strongest on reliability with supporting signal from adoption. Confidence reflects source credibility, sample depth, and recency.'),
  (public.plebi_seed_uuid('tool-github-copilot-source-benchmark'), public.plebi_seed_uuid('tool-github-copilot'), public.plebi_seed_uuid('source-benchmark'), 'Capability benchmark', '2026-03-17', 86, 0.95, '{"capability":88,"reliability":85}'::jsonb, 'GitHub Copilot scored strongest on capability with supporting signal from reliability. Confidence reflects source credibility, sample depth, and recency.'),
  (public.plebi_seed_uuid('tool-github-copilot-source-operator'), public.plebi_seed_uuid('tool-github-copilot'), public.plebi_seed_uuid('source-operator'), 'Operator workflow review', '2026-04-21', 94, 0.81, '{"usability":91,"capability":88}'::jsonb, 'GitHub Copilot scored strongest on usability with supporting signal from capability. Confidence reflects source credibility, sample depth, and recency.'),
  (public.plebi_seed_uuid('tool-github-copilot-source-community'), public.plebi_seed_uuid('tool-github-copilot'), public.plebi_seed_uuid('source-community'), 'Verified user poll readout', '2026-01-25', 90, 0.79, '{"adoption":95,"usability":91}'::jsonb, 'GitHub Copilot scored strongest on adoption with supporting signal from usability. Confidence reflects source credibility, sample depth, and recency.'),
  (public.plebi_seed_uuid('tool-github-copilot-source-pricing'), public.plebi_seed_uuid('tool-github-copilot'), public.plebi_seed_uuid('source-pricing'), 'Pricing and packaging audit', '2026-02-06', 88, 0.84, '{"value":83,"usability":91}'::jsonb, 'GitHub Copilot scored strongest on value with supporting signal from usability. Confidence reflects source credibility, sample depth, and recency.'),
  (public.plebi_seed_uuid('tool-github-copilot-source-trust'), public.plebi_seed_uuid('tool-github-copilot'), public.plebi_seed_uuid('source-trust'), 'Trust and security review', '2026-03-10', 84, 0.83, '{"reliability":85,"adoption":95}'::jsonb, 'GitHub Copilot scored strongest on reliability with supporting signal from adoption. Confidence reflects source credibility, sample depth, and recency.'),
  (public.plebi_seed_uuid('tool-cursor-source-benchmark'), public.plebi_seed_uuid('tool-cursor'), public.plebi_seed_uuid('source-benchmark'), 'Capability benchmark', '2026-03-09', 87, 0.95, '{"capability":91,"reliability":82}'::jsonb, 'Cursor scored strongest on capability with supporting signal from reliability. Confidence reflects source credibility, sample depth, and recency.'),
  (public.plebi_seed_uuid('tool-cursor-source-operator'), public.plebi_seed_uuid('tool-cursor'), public.plebi_seed_uuid('source-operator'), 'Operator workflow review', '2026-04-13', 93, 0.81, '{"usability":89,"capability":91}'::jsonb, 'Cursor scored strongest on usability with supporting signal from capability. Confidence reflects source credibility, sample depth, and recency.'),
  (public.plebi_seed_uuid('tool-cursor-source-community'), public.plebi_seed_uuid('tool-cursor'), public.plebi_seed_uuid('source-community'), 'Verified user poll readout', '2026-01-17', 84, 0.79, '{"adoption":87,"usability":89}'::jsonb, 'Cursor scored strongest on adoption with supporting signal from usability. Confidence reflects source credibility, sample depth, and recency.'),
  (public.plebi_seed_uuid('tool-cursor-source-pricing'), public.plebi_seed_uuid('tool-cursor'), public.plebi_seed_uuid('source-pricing'), 'Pricing and packaging audit', '2026-02-21', 88, 0.84, '{"value":84,"usability":89}'::jsonb, 'Cursor scored strongest on value with supporting signal from usability. Confidence reflects source credibility, sample depth, and recency.'),
  (public.plebi_seed_uuid('tool-cursor-source-trust'), public.plebi_seed_uuid('tool-cursor'), public.plebi_seed_uuid('source-trust'), 'Trust and security review', '2026-03-25', 80, 0.83, '{"reliability":82,"adoption":87}'::jsonb, 'Cursor scored strongest on reliability with supporting signal from adoption. Confidence reflects source credibility, sample depth, and recency.'),
  (public.plebi_seed_uuid('tool-replit-agent-source-benchmark'), public.plebi_seed_uuid('tool-replit-agent'), public.plebi_seed_uuid('source-benchmark'), 'Capability benchmark', '2026-01-15', 79, 0.94, '{"capability":82,"reliability":76}'::jsonb, 'Replit Agent scored strongest on capability with supporting signal from reliability. Confidence reflects source credibility, sample depth, and recency.'),
  (public.plebi_seed_uuid('tool-replit-agent-source-operator'), public.plebi_seed_uuid('tool-replit-agent'), public.plebi_seed_uuid('source-operator'), 'Operator workflow review', '2026-02-19', 88, 0.92, '{"usability":86,"capability":82}'::jsonb, 'Replit Agent scored strongest on usability with supporting signal from capability. Confidence reflects source credibility, sample depth, and recency.'),
  (public.plebi_seed_uuid('tool-replit-agent-source-community'), public.plebi_seed_uuid('tool-replit-agent'), public.plebi_seed_uuid('source-community'), 'Verified user poll readout', '2026-03-23', 77, 0.78, '{"adoption":78,"usability":86}'::jsonb, 'Replit Agent scored strongest on adoption with supporting signal from usability. Confidence reflects source credibility, sample depth, and recency.'),
  (public.plebi_seed_uuid('tool-replit-agent-source-pricing'), public.plebi_seed_uuid('tool-replit-agent'), public.plebi_seed_uuid('source-pricing'), 'Pricing and packaging audit', '2026-04-04', 84, 0.84, '{"value":80,"usability":86}'::jsonb, 'Replit Agent scored strongest on value with supporting signal from usability. Confidence reflects source credibility, sample depth, and recency.'),
  (public.plebi_seed_uuid('tool-replit-agent-source-trust'), public.plebi_seed_uuid('tool-replit-agent'), public.plebi_seed_uuid('source-trust'), 'Trust and security review', '2026-01-08', 73, 0.82, '{"reliability":76,"adoption":78}'::jsonb, 'Replit Agent scored strongest on reliability with supporting signal from adoption. Confidence reflects source credibility, sample depth, and recency.'),
  (public.plebi_seed_uuid('tool-codeium-source-benchmark'), public.plebi_seed_uuid('tool-codeium'), public.plebi_seed_uuid('source-benchmark'), 'Capability benchmark', '2026-04-10', 86, 0.9, '{"capability":80,"reliability":80}'::jsonb, 'Codeium scored strongest on capability with supporting signal from reliability. Confidence reflects source credibility, sample depth, and recency.'),
  (public.plebi_seed_uuid('tool-codeium-source-operator'), public.plebi_seed_uuid('tool-codeium'), public.plebi_seed_uuid('source-operator'), 'Operator workflow review', '2026-01-14', 81, 0.87, '{"usability":83,"capability":80}'::jsonb, 'Codeium scored strongest on usability with supporting signal from capability. Confidence reflects source credibility, sample depth, and recency.'),
  (public.plebi_seed_uuid('tool-codeium-source-community'), public.plebi_seed_uuid('tool-codeium'), public.plebi_seed_uuid('source-community'), 'Verified user poll readout', '2026-02-18', 81, 0.74, '{"adoption":74,"usability":83}'::jsonb, 'Codeium scored strongest on adoption with supporting signal from usability. Confidence reflects source credibility, sample depth, and recency.'),
  (public.plebi_seed_uuid('tool-codeium-source-pricing'), public.plebi_seed_uuid('tool-codeium'), public.plebi_seed_uuid('source-pricing'), 'Pricing and packaging audit', '2026-03-22', 83, 0.79, '{"value":88,"usability":83}'::jsonb, 'Codeium scored strongest on value with supporting signal from usability. Confidence reflects source credibility, sample depth, and recency.'),
  (public.plebi_seed_uuid('tool-codeium-source-trust'), public.plebi_seed_uuid('tool-codeium'), public.plebi_seed_uuid('source-trust'), 'Trust and security review', '2026-04-03', 82, 0.89, '{"reliability":80,"adoption":74}'::jsonb, 'Codeium scored strongest on reliability with supporting signal from adoption. Confidence reflects source credibility, sample depth, and recency.'),
  (public.plebi_seed_uuid('tool-sourcegraph-cody-source-benchmark'), public.plebi_seed_uuid('tool-sourcegraph-cody'), public.plebi_seed_uuid('source-benchmark'), 'Capability benchmark', '2026-01-19', 86, 0.98, '{"capability":81,"reliability":82}'::jsonb, 'Sourcegraph Cody scored strongest on capability with supporting signal from reliability. Confidence reflects source credibility, sample depth, and recency.'),
  (public.plebi_seed_uuid('tool-sourcegraph-cody-source-operator'), public.plebi_seed_uuid('tool-sourcegraph-cody'), public.plebi_seed_uuid('source-operator'), 'Operator workflow review', '2026-02-23', 76, 0.86, '{"usability":78,"capability":81}'::jsonb, 'Sourcegraph Cody scored strongest on usability with supporting signal from capability. Confidence reflects source credibility, sample depth, and recency.'),
  (public.plebi_seed_uuid('tool-sourcegraph-cody-source-community'), public.plebi_seed_uuid('tool-sourcegraph-cody'), public.plebi_seed_uuid('source-community'), 'Verified user poll readout', '2026-03-04', 75, 0.83, '{"adoption":70,"usability":78}'::jsonb, 'Sourcegraph Cody scored strongest on adoption with supporting signal from usability. Confidence reflects source credibility, sample depth, and recency.'),
  (public.plebi_seed_uuid('tool-sourcegraph-cody-source-pricing'), public.plebi_seed_uuid('tool-sourcegraph-cody'), public.plebi_seed_uuid('source-pricing'), 'Pricing and packaging audit', '2026-04-08', 74, 0.78, '{"value":79,"usability":78}'::jsonb, 'Sourcegraph Cody scored strongest on value with supporting signal from usability. Confidence reflects source credibility, sample depth, and recency.'),
  (public.plebi_seed_uuid('tool-sourcegraph-cody-source-trust'), public.plebi_seed_uuid('tool-sourcegraph-cody'), public.plebi_seed_uuid('source-trust'), 'Trust and security review', '2026-01-12', 80, 0.87, '{"reliability":82,"adoption":70}'::jsonb, 'Sourcegraph Cody scored strongest on reliability with supporting signal from adoption. Confidence reflects source credibility, sample depth, and recency.'),
  (public.plebi_seed_uuid('tool-perplexity-source-benchmark'), public.plebi_seed_uuid('tool-perplexity'), public.plebi_seed_uuid('source-benchmark'), 'Capability benchmark', '2026-03-13', 83, 0.93, '{"capability":88,"reliability":83}'::jsonb, 'Perplexity scored strongest on capability with supporting signal from reliability. Confidence reflects source credibility, sample depth, and recency.'),
  (public.plebi_seed_uuid('tool-perplexity-source-operator'), public.plebi_seed_uuid('tool-perplexity'), public.plebi_seed_uuid('source-operator'), 'Operator workflow review', '2026-04-17', 91, 0.91, '{"usability":90,"capability":88}'::jsonb, 'Perplexity scored strongest on usability with supporting signal from capability. Confidence reflects source credibility, sample depth, and recency.'),
  (public.plebi_seed_uuid('tool-perplexity-source-community'), public.plebi_seed_uuid('tool-perplexity'), public.plebi_seed_uuid('source-community'), 'Verified user poll readout', '2026-01-21', 83, 0.77, '{"adoption":88,"usability":90}'::jsonb, 'Perplexity scored strongest on adoption with supporting signal from usability. Confidence reflects source credibility, sample depth, and recency.'),
  (public.plebi_seed_uuid('tool-perplexity-source-pricing'), public.plebi_seed_uuid('tool-perplexity'), public.plebi_seed_uuid('source-pricing'), 'Pricing and packaging audit', '2026-02-25', 88, 0.83, '{"value":86,"usability":90}'::jsonb, 'Perplexity scored strongest on value with supporting signal from usability. Confidence reflects source credibility, sample depth, and recency.'),
  (public.plebi_seed_uuid('tool-perplexity-source-trust'), public.plebi_seed_uuid('tool-perplexity'), public.plebi_seed_uuid('source-trust'), 'Trust and security review', '2026-03-06', 79, 0.82, '{"reliability":83,"adoption":88}'::jsonb, 'Perplexity scored strongest on reliability with supporting signal from adoption. Confidence reflects source credibility, sample depth, and recency.'),
  (public.plebi_seed_uuid('tool-elicit-source-benchmark'), public.plebi_seed_uuid('tool-elicit'), public.plebi_seed_uuid('source-benchmark'), 'Capability benchmark', '2026-03-09', 85, 0.97, '{"capability":82,"reliability":84}'::jsonb, 'Elicit scored strongest on capability with supporting signal from reliability. Confidence reflects source credibility, sample depth, and recency.'),
  (public.plebi_seed_uuid('tool-elicit-source-operator'), public.plebi_seed_uuid('tool-elicit'), public.plebi_seed_uuid('source-operator'), 'Operator workflow review', '2026-04-13', 75, 0.84, '{"usability":80,"capability":82}'::jsonb, 'Elicit scored strongest on usability with supporting signal from capability. Confidence reflects source credibility, sample depth, and recency.'),
  (public.plebi_seed_uuid('tool-elicit-source-community'), public.plebi_seed_uuid('tool-elicit'), public.plebi_seed_uuid('source-community'), 'Verified user poll readout', '2026-01-17', 74, 0.81, '{"adoption":70,"usability":80}'::jsonb, 'Elicit scored strongest on adoption with supporting signal from usability. Confidence reflects source credibility, sample depth, and recency.'),
  (public.plebi_seed_uuid('tool-elicit-source-pricing'), public.plebi_seed_uuid('tool-elicit'), public.plebi_seed_uuid('source-pricing'), 'Pricing and packaging audit', '2026-02-21', 85, 0.76, '{"value":78,"usability":80}'::jsonb, 'Elicit scored strongest on value with supporting signal from usability. Confidence reflects source credibility, sample depth, and recency.'),
  (public.plebi_seed_uuid('tool-elicit-source-trust'), public.plebi_seed_uuid('tool-elicit'), public.plebi_seed_uuid('source-trust'), 'Trust and security review', '2026-03-25', 80, 0.86, '{"reliability":84,"adoption":70}'::jsonb, 'Elicit scored strongest on reliability with supporting signal from adoption. Confidence reflects source credibility, sample depth, and recency.'),
  (public.plebi_seed_uuid('tool-consensus-source-benchmark'), public.plebi_seed_uuid('tool-consensus'), public.plebi_seed_uuid('source-benchmark'), 'Capability benchmark', '2026-02-12', 78, 0.93, '{"capability":80,"reliability":83}'::jsonb, 'Consensus scored strongest on capability with supporting signal from reliability. Confidence reflects source credibility, sample depth, and recency.'),
  (public.plebi_seed_uuid('tool-consensus-source-operator'), public.plebi_seed_uuid('tool-consensus'), public.plebi_seed_uuid('source-operator'), 'Operator workflow review', '2026-03-16', 84, 0.91, '{"usability":82,"capability":80}'::jsonb, 'Consensus scored strongest on usability with supporting signal from capability. Confidence reflects source credibility, sample depth, and recency.'),
  (public.plebi_seed_uuid('tool-consensus-source-community'), public.plebi_seed_uuid('tool-consensus'), public.plebi_seed_uuid('source-community'), 'Verified user poll readout', '2026-04-20', 68, 0.77, '{"adoption":68,"usability":82}'::jsonb, 'Consensus scored strongest on adoption with supporting signal from usability. Confidence reflects source credibility, sample depth, and recency.'),
  (public.plebi_seed_uuid('tool-consensus-source-pricing'), public.plebi_seed_uuid('tool-consensus'), public.plebi_seed_uuid('source-pricing'), 'Pricing and packaging audit', '2026-01-24', 82, 0.83, '{"value":80,"usability":82}'::jsonb, 'Consensus scored strongest on value with supporting signal from usability. Confidence reflects source credibility, sample depth, and recency.'),
  (public.plebi_seed_uuid('tool-consensus-source-trust'), public.plebi_seed_uuid('tool-consensus'), public.plebi_seed_uuid('source-trust'), 'Trust and security review', '2026-02-05', 74, 0.82, '{"reliability":83,"adoption":68}'::jsonb, 'Consensus scored strongest on reliability with supporting signal from adoption. Confidence reflects source credibility, sample depth, and recency.'),
  (public.plebi_seed_uuid('tool-glean-source-benchmark'), public.plebi_seed_uuid('tool-glean'), public.plebi_seed_uuid('source-benchmark'), 'Capability benchmark', '2026-02-08', 90, 0.98, '{"capability":86,"reliability":88}'::jsonb, 'Glean scored strongest on capability with supporting signal from reliability. Confidence reflects source credibility, sample depth, and recency.'),
  (public.plebi_seed_uuid('tool-glean-source-operator'), public.plebi_seed_uuid('tool-glean'), public.plebi_seed_uuid('source-operator'), 'Operator workflow review', '2026-03-12', 81, 0.86, '{"usability":84,"capability":86}'::jsonb, 'Glean scored strongest on usability with supporting signal from capability. Confidence reflects source credibility, sample depth, and recency.'),
  (public.plebi_seed_uuid('tool-glean-source-community'), public.plebi_seed_uuid('tool-glean'), public.plebi_seed_uuid('source-community'), 'Verified user poll readout', '2026-04-16', 83, 0.83, '{"adoption":79,"usability":84}'::jsonb, 'Glean scored strongest on adoption with supporting signal from usability. Confidence reflects source credibility, sample depth, and recency.'),
  (public.plebi_seed_uuid('tool-glean-source-pricing'), public.plebi_seed_uuid('tool-glean'), public.plebi_seed_uuid('source-pricing'), 'Pricing and packaging audit', '2026-01-20', 73, 0.78, '{"value":74,"usability":84}'::jsonb, 'Glean scored strongest on value with supporting signal from usability. Confidence reflects source credibility, sample depth, and recency.'),
  (public.plebi_seed_uuid('tool-glean-source-trust'), public.plebi_seed_uuid('tool-glean'), public.plebi_seed_uuid('source-trust'), 'Trust and security review', '2026-02-24', 87, 0.87, '{"reliability":88,"adoption":79}'::jsonb, 'Glean scored strongest on reliability with supporting signal from adoption. Confidence reflects source credibility, sample depth, and recency.'),
  (public.plebi_seed_uuid('tool-you-com-source-benchmark'), public.plebi_seed_uuid('tool-you-com'), public.plebi_seed_uuid('source-benchmark'), 'Capability benchmark', '2026-04-10', 80, 0.98, '{"capability":76,"reliability":76}'::jsonb, 'You.com scored strongest on capability with supporting signal from reliability. Confidence reflects source credibility, sample depth, and recency.'),
  (public.plebi_seed_uuid('tool-you-com-source-operator'), public.plebi_seed_uuid('tool-you-com'), public.plebi_seed_uuid('source-operator'), 'Operator workflow review', '2026-01-14', 75, 0.85, '{"usability":80,"capability":76}'::jsonb, 'You.com scored strongest on usability with supporting signal from capability. Confidence reflects source credibility, sample depth, and recency.'),
  (public.plebi_seed_uuid('tool-you-com-source-community'), public.plebi_seed_uuid('tool-you-com'), public.plebi_seed_uuid('source-community'), 'Verified user poll readout', '2026-02-18', 73, 0.82, '{"adoption":66,"usability":80}'::jsonb, 'You.com scored strongest on adoption with supporting signal from usability. Confidence reflects source credibility, sample depth, and recency.'),
  (public.plebi_seed_uuid('tool-you-com-source-pricing'), public.plebi_seed_uuid('tool-you-com'), public.plebi_seed_uuid('source-pricing'), 'Pricing and packaging audit', '2026-03-22', 76, 0.77, '{"value":82,"usability":80}'::jsonb, 'You.com scored strongest on value with supporting signal from usability. Confidence reflects source credibility, sample depth, and recency.'),
  (public.plebi_seed_uuid('tool-you-com-source-trust'), public.plebi_seed_uuid('tool-you-com'), public.plebi_seed_uuid('source-trust'), 'Trust and security review', '2026-04-03', 75, 0.87, '{"reliability":76,"adoption":66}'::jsonb, 'You.com scored strongest on reliability with supporting signal from adoption. Confidence reflects source credibility, sample depth, and recency.'),
  (public.plebi_seed_uuid('tool-notion-ai-source-benchmark'), public.plebi_seed_uuid('tool-notion-ai'), public.plebi_seed_uuid('source-benchmark'), 'Capability benchmark', '2026-02-12', 86, 0.89, '{"capability":80,"reliability":82}'::jsonb, 'Notion AI scored strongest on capability with supporting signal from reliability. Confidence reflects source credibility, sample depth, and recency.'),
  (public.plebi_seed_uuid('tool-notion-ai-source-operator'), public.plebi_seed_uuid('tool-notion-ai'), public.plebi_seed_uuid('source-operator'), 'Operator workflow review', '2026-03-16', 83, 0.86, '{"usability":89,"capability":80}'::jsonb, 'Notion AI scored strongest on usability with supporting signal from capability. Confidence reflects source credibility, sample depth, and recency.'),
  (public.plebi_seed_uuid('tool-notion-ai-source-community'), public.plebi_seed_uuid('tool-notion-ai'), public.plebi_seed_uuid('source-community'), 'Verified user poll readout', '2026-04-20', 88, 0.84, '{"adoption":84,"usability":89}'::jsonb, 'Notion AI scored strongest on adoption with supporting signal from usability. Confidence reflects source credibility, sample depth, and recency.'),
  (public.plebi_seed_uuid('tool-notion-ai-source-pricing'), public.plebi_seed_uuid('tool-notion-ai'), public.plebi_seed_uuid('source-pricing'), 'Pricing and packaging audit', '2026-01-24', 78, 0.79, '{"value":78,"usability":89}'::jsonb, 'Notion AI scored strongest on value with supporting signal from usability. Confidence reflects source credibility, sample depth, and recency.'),
  (public.plebi_seed_uuid('tool-notion-ai-source-trust'), public.plebi_seed_uuid('tool-notion-ai'), public.plebi_seed_uuid('source-trust'), 'Trust and security review', '2026-02-05', 85, 0.88, '{"reliability":82,"adoption":84}'::jsonb, 'Notion AI scored strongest on reliability with supporting signal from adoption. Confidence reflects source credibility, sample depth, and recency.'),
  (public.plebi_seed_uuid('tool-grammarly-source-benchmark'), public.plebi_seed_uuid('tool-grammarly'), public.plebi_seed_uuid('source-benchmark'), 'Capability benchmark', '2026-02-12', 84, 0.97, '{"capability":78,"reliability":90}'::jsonb, 'Grammarly scored strongest on capability with supporting signal from reliability. Confidence reflects source credibility, sample depth, and recency.'),
  (public.plebi_seed_uuid('tool-grammarly-source-operator'), public.plebi_seed_uuid('tool-grammarly'), public.plebi_seed_uuid('source-operator'), 'Operator workflow review', '2026-03-16', 82, 0.84, '{"usability":92,"capability":78}'::jsonb, 'Grammarly scored strongest on usability with supporting signal from capability. Confidence reflects source credibility, sample depth, and recency.'),
  (public.plebi_seed_uuid('tool-grammarly-source-community'), public.plebi_seed_uuid('tool-grammarly'), public.plebi_seed_uuid('source-community'), 'Verified user poll readout', '2026-04-20', 90, 0.81, '{"adoption":91,"usability":92}'::jsonb, 'Grammarly scored strongest on adoption with supporting signal from usability. Confidence reflects source credibility, sample depth, and recency.'),
  (public.plebi_seed_uuid('tool-grammarly-source-pricing'), public.plebi_seed_uuid('tool-grammarly'), public.plebi_seed_uuid('source-pricing'), 'Pricing and packaging audit', '2026-01-24', 90, 0.76, '{"value":80,"usability":92}'::jsonb, 'Grammarly scored strongest on value with supporting signal from usability. Confidence reflects source credibility, sample depth, and recency.'),
  (public.plebi_seed_uuid('tool-grammarly-source-trust'), public.plebi_seed_uuid('tool-grammarly'), public.plebi_seed_uuid('source-trust'), 'Trust and security review', '2026-02-05', 89, 0.86, '{"reliability":90,"adoption":91}'::jsonb, 'Grammarly scored strongest on reliability with supporting signal from adoption. Confidence reflects source credibility, sample depth, and recency.'),
  (public.plebi_seed_uuid('tool-otter-ai-source-benchmark'), public.plebi_seed_uuid('tool-otter-ai'), public.plebi_seed_uuid('source-benchmark'), 'Capability benchmark', '2026-01-11', 82, 0.98, '{"capability":76,"reliability":82}'::jsonb, 'Otter.ai scored strongest on capability with supporting signal from reliability. Confidence reflects source credibility, sample depth, and recency.'),
  (public.plebi_seed_uuid('tool-otter-ai-source-operator'), public.plebi_seed_uuid('tool-otter-ai'), public.plebi_seed_uuid('source-operator'), 'Operator workflow review', '2026-02-15', 79, 0.86, '{"usability":86,"capability":76}'::jsonb, 'Otter.ai scored strongest on usability with supporting signal from capability. Confidence reflects source credibility, sample depth, and recency.'),
  (public.plebi_seed_uuid('tool-otter-ai-source-community'), public.plebi_seed_uuid('tool-otter-ai'), public.plebi_seed_uuid('source-community'), 'Verified user poll readout', '2026-03-19', 83, 0.83, '{"adoption":78,"usability":86}'::jsonb, 'Otter.ai scored strongest on adoption with supporting signal from usability. Confidence reflects source credibility, sample depth, and recency.'),
  (public.plebi_seed_uuid('tool-otter-ai-source-pricing'), public.plebi_seed_uuid('tool-otter-ai'), public.plebi_seed_uuid('source-pricing'), 'Pricing and packaging audit', '2026-04-23', 78, 0.78, '{"value":82,"usability":86}'::jsonb, 'Otter.ai scored strongest on value with supporting signal from usability. Confidence reflects source credibility, sample depth, and recency.'),
  (public.plebi_seed_uuid('tool-otter-ai-source-trust'), public.plebi_seed_uuid('tool-otter-ai'), public.plebi_seed_uuid('source-trust'), 'Trust and security review', '2026-01-04', 83, 0.87, '{"reliability":82,"adoption":78}'::jsonb, 'Otter.ai scored strongest on reliability with supporting signal from adoption. Confidence reflects source credibility, sample depth, and recency.'),
  (public.plebi_seed_uuid('tool-zapier-ai-source-benchmark'), public.plebi_seed_uuid('tool-zapier-ai'), public.plebi_seed_uuid('source-benchmark'), 'Capability benchmark', '2026-02-12', 89, 0.9, '{"capability":82,"reliability":86}'::jsonb, 'Zapier AI scored strongest on capability with supporting signal from reliability. Confidence reflects source credibility, sample depth, and recency.'),
  (public.plebi_seed_uuid('tool-zapier-ai-source-operator'), public.plebi_seed_uuid('tool-zapier-ai'), public.plebi_seed_uuid('source-operator'), 'Operator workflow review', '2026-03-16', 82, 0.87, '{"usability":84,"capability":82}'::jsonb, 'Zapier AI scored strongest on usability with supporting signal from capability. Confidence reflects source credibility, sample depth, and recency.'),
  (public.plebi_seed_uuid('tool-zapier-ai-source-community'), public.plebi_seed_uuid('tool-zapier-ai'), public.plebi_seed_uuid('source-community'), 'Verified user poll readout', '2026-04-20', 90, 0.74, '{"adoption":88,"usability":84}'::jsonb, 'Zapier AI scored strongest on adoption with supporting signal from usability. Confidence reflects source credibility, sample depth, and recency.'),
  (public.plebi_seed_uuid('tool-zapier-ai-source-pricing'), public.plebi_seed_uuid('tool-zapier-ai'), public.plebi_seed_uuid('source-pricing'), 'Pricing and packaging audit', '2026-01-24', 80, 0.79, '{"value":82,"usability":84}'::jsonb, 'Zapier AI scored strongest on value with supporting signal from usability. Confidence reflects source credibility, sample depth, and recency.'),
  (public.plebi_seed_uuid('tool-zapier-ai-source-trust'), public.plebi_seed_uuid('tool-zapier-ai'), public.plebi_seed_uuid('source-trust'), 'Trust and security review', '2026-02-05', 90, 0.89, '{"reliability":86,"adoption":88}'::jsonb, 'Zapier AI scored strongest on reliability with supporting signal from adoption. Confidence reflects source credibility, sample depth, and recency.'),
  (public.plebi_seed_uuid('tool-gamma-source-benchmark'), public.plebi_seed_uuid('tool-gamma'), public.plebi_seed_uuid('source-benchmark'), 'Capability benchmark', '2026-02-08', 79, 0.96, '{"capability":78,"reliability":78}'::jsonb, 'Gamma scored strongest on capability with supporting signal from reliability. Confidence reflects source credibility, sample depth, and recency.'),
  (public.plebi_seed_uuid('tool-gamma-source-operator'), public.plebi_seed_uuid('tool-gamma'), public.plebi_seed_uuid('source-operator'), 'Operator workflow review', '2026-03-12', 90, 0.82, '{"usability":88,"capability":78}'::jsonb, 'Gamma scored strongest on usability with supporting signal from capability. Confidence reflects source credibility, sample depth, and recency.'),
  (public.plebi_seed_uuid('tool-gamma-source-community'), public.plebi_seed_uuid('tool-gamma'), public.plebi_seed_uuid('source-community'), 'Verified user poll readout', '2026-04-16', 78, 0.8, '{"adoption":76,"usability":88}'::jsonb, 'Gamma scored strongest on adoption with supporting signal from usability. Confidence reflects source credibility, sample depth, and recency.'),
  (public.plebi_seed_uuid('tool-gamma-source-pricing'), public.plebi_seed_uuid('tool-gamma'), public.plebi_seed_uuid('source-pricing'), 'Pricing and packaging audit', '2026-01-20', 89, 0.74, '{"value":84,"usability":88}'::jsonb, 'Gamma scored strongest on value with supporting signal from usability. Confidence reflects source credibility, sample depth, and recency.'),
  (public.plebi_seed_uuid('tool-gamma-source-trust'), public.plebi_seed_uuid('tool-gamma'), public.plebi_seed_uuid('source-trust'), 'Trust and security review', '2026-02-24', 76, 0.84, '{"reliability":78,"adoption":76}'::jsonb, 'Gamma scored strongest on reliability with supporting signal from adoption. Confidence reflects source credibility, sample depth, and recency.'),
  (public.plebi_seed_uuid('tool-hubspot-breeze-source-benchmark'), public.plebi_seed_uuid('tool-hubspot-breeze'), public.plebi_seed_uuid('source-benchmark'), 'Capability benchmark', '2026-03-17', 86, 0.98, '{"capability":80,"reliability":84}'::jsonb, 'HubSpot Breeze scored strongest on capability with supporting signal from reliability. Confidence reflects source credibility, sample depth, and recency.'),
  (public.plebi_seed_uuid('tool-hubspot-breeze-source-operator'), public.plebi_seed_uuid('tool-hubspot-breeze'), public.plebi_seed_uuid('source-operator'), 'Operator workflow review', '2026-04-21', 81, 0.86, '{"usability":86,"capability":80}'::jsonb, 'HubSpot Breeze scored strongest on usability with supporting signal from capability. Confidence reflects source credibility, sample depth, and recency.'),
  (public.plebi_seed_uuid('tool-hubspot-breeze-source-community'), public.plebi_seed_uuid('tool-hubspot-breeze'), public.plebi_seed_uuid('source-community'), 'Verified user poll readout', '2026-01-25', 86, 0.83, '{"adoption":83,"usability":86}'::jsonb, 'HubSpot Breeze scored strongest on adoption with supporting signal from usability. Confidence reflects source credibility, sample depth, and recency.'),
  (public.plebi_seed_uuid('tool-hubspot-breeze-source-pricing'), public.plebi_seed_uuid('tool-hubspot-breeze'), public.plebi_seed_uuid('source-pricing'), 'Pricing and packaging audit', '2026-02-06', 76, 0.78, '{"value":78,"usability":86}'::jsonb, 'HubSpot Breeze scored strongest on value with supporting signal from usability. Confidence reflects source credibility, sample depth, and recency.'),
  (public.plebi_seed_uuid('tool-hubspot-breeze-source-trust'), public.plebi_seed_uuid('tool-hubspot-breeze'), public.plebi_seed_uuid('source-trust'), 'Trust and security review', '2026-03-10', 85, 0.87, '{"reliability":84,"adoption":83}'::jsonb, 'HubSpot Breeze scored strongest on reliability with supporting signal from adoption. Confidence reflects source credibility, sample depth, and recency.'),
  (public.plebi_seed_uuid('tool-clay-source-benchmark'), public.plebi_seed_uuid('tool-clay'), public.plebi_seed_uuid('source-benchmark'), 'Capability benchmark', '2026-01-07', 86, 0.96, '{"capability":87,"reliability":82}'::jsonb, 'Clay scored strongest on capability with supporting signal from reliability. Confidence reflects source credibility, sample depth, and recency.'),
  (public.plebi_seed_uuid('tool-clay-source-operator'), public.plebi_seed_uuid('tool-clay'), public.plebi_seed_uuid('source-operator'), 'Operator workflow review', '2026-02-11', 89, 0.83, '{"usability":80,"capability":87}'::jsonb, 'Clay scored strongest on usability with supporting signal from capability. Confidence reflects source credibility, sample depth, and recency.'),
  (public.plebi_seed_uuid('tool-clay-source-community'), public.plebi_seed_uuid('tool-clay'), public.plebi_seed_uuid('source-community'), 'Verified user poll readout', '2026-03-15', 79, 0.81, '{"adoption":79,"usability":80}'::jsonb, 'Clay scored strongest on adoption with supporting signal from usability. Confidence reflects source credibility, sample depth, and recency.'),
  (public.plebi_seed_uuid('tool-clay-source-pricing'), public.plebi_seed_uuid('tool-clay'), public.plebi_seed_uuid('source-pricing'), 'Pricing and packaging audit', '2026-04-19', 87, 0.75, '{"value":82,"usability":80}'::jsonb, 'Clay scored strongest on value with supporting signal from usability. Confidence reflects source credibility, sample depth, and recency.'),
  (public.plebi_seed_uuid('tool-clay-source-trust'), public.plebi_seed_uuid('tool-clay'), public.plebi_seed_uuid('source-trust'), 'Trust and security review', '2026-01-23', 80, 0.85, '{"reliability":82,"adoption":79}'::jsonb, 'Clay scored strongest on reliability with supporting signal from adoption. Confidence reflects source credibility, sample depth, and recency.'),
  (public.plebi_seed_uuid('tool-apollo-ai-source-benchmark'), public.plebi_seed_uuid('tool-apollo-ai'), public.plebi_seed_uuid('source-benchmark'), 'Capability benchmark', '2026-02-12', 84, 0.97, '{"capability":81,"reliability":82}'::jsonb, 'Apollo AI scored strongest on capability with supporting signal from reliability. Confidence reflects source credibility, sample depth, and recency.'),
  (public.plebi_seed_uuid('tool-apollo-ai-source-operator'), public.plebi_seed_uuid('tool-apollo-ai'), public.plebi_seed_uuid('source-operator'), 'Operator workflow review', '2026-03-16', 76, 0.84, '{"usability":82,"capability":81}'::jsonb, 'Apollo AI scored strongest on usability with supporting signal from capability. Confidence reflects source credibility, sample depth, and recency.'),
  (public.plebi_seed_uuid('tool-apollo-ai-source-community'), public.plebi_seed_uuid('tool-apollo-ai'), public.plebi_seed_uuid('source-community'), 'Verified user poll readout', '2026-04-20', 84, 0.81, '{"adoption":86,"usability":82}'::jsonb, 'Apollo AI scored strongest on adoption with supporting signal from usability. Confidence reflects source credibility, sample depth, and recency.'),
  (public.plebi_seed_uuid('tool-apollo-ai-source-pricing'), public.plebi_seed_uuid('tool-apollo-ai'), public.plebi_seed_uuid('source-pricing'), 'Pricing and packaging audit', '2026-01-24', 89, 0.76, '{"value":84,"usability":82}'::jsonb, 'Apollo AI scored strongest on value with supporting signal from usability. Confidence reflects source credibility, sample depth, and recency.'),
  (public.plebi_seed_uuid('tool-apollo-ai-source-trust'), public.plebi_seed_uuid('tool-apollo-ai'), public.plebi_seed_uuid('source-trust'), 'Trust and security review', '2026-02-05', 83, 0.86, '{"reliability":82,"adoption":86}'::jsonb, 'Apollo AI scored strongest on reliability with supporting signal from adoption. Confidence reflects source credibility, sample depth, and recency.'),
  (public.plebi_seed_uuid('tool-lavender-source-benchmark'), public.plebi_seed_uuid('tool-lavender'), public.plebi_seed_uuid('source-benchmark'), 'Capability benchmark', '2026-01-11', 74, 0.92, '{"capability":76,"reliability":79}'::jsonb, 'Lavender scored strongest on capability with supporting signal from reliability. Confidence reflects source credibility, sample depth, and recency.'),
  (public.plebi_seed_uuid('tool-lavender-source-operator'), public.plebi_seed_uuid('tool-lavender'), public.plebi_seed_uuid('source-operator'), 'Operator workflow review', '2026-02-15', 84, 0.9, '{"usability":85,"capability":76}'::jsonb, 'Lavender scored strongest on usability with supporting signal from capability. Confidence reflects source credibility, sample depth, and recency.'),
  (public.plebi_seed_uuid('tool-lavender-source-community'), public.plebi_seed_uuid('tool-lavender'), public.plebi_seed_uuid('source-community'), 'Verified user poll readout', '2026-03-19', 68, 0.76, '{"adoption":68,"usability":85}'::jsonb, 'Lavender scored strongest on adoption with supporting signal from usability. Confidence reflects source credibility, sample depth, and recency.'),
  (public.plebi_seed_uuid('tool-lavender-source-pricing'), public.plebi_seed_uuid('tool-lavender'), public.plebi_seed_uuid('source-pricing'), 'Pricing and packaging audit', '2026-04-23', 82, 0.82, '{"value":80,"usability":85}'::jsonb, 'Lavender scored strongest on value with supporting signal from usability. Confidence reflects source credibility, sample depth, and recency.'),
  (public.plebi_seed_uuid('tool-lavender-source-trust'), public.plebi_seed_uuid('tool-lavender'), public.plebi_seed_uuid('source-trust'), 'Trust and security review', '2026-01-04', 83, 0.81, '{"reliability":79,"adoption":68}'::jsonb, 'Lavender scored strongest on reliability with supporting signal from adoption. Confidence reflects source credibility, sample depth, and recency.'),
  (public.plebi_seed_uuid('tool-mutiny-source-benchmark'), public.plebi_seed_uuid('tool-mutiny'), public.plebi_seed_uuid('source-benchmark'), 'Capability benchmark', '2026-03-09', 86, 0.91, '{"capability":78,"reliability":80}'::jsonb, 'Mutiny scored strongest on capability with supporting signal from reliability. Confidence reflects source credibility, sample depth, and recency.'),
  (public.plebi_seed_uuid('tool-mutiny-source-operator'), public.plebi_seed_uuid('tool-mutiny'), public.plebi_seed_uuid('source-operator'), 'Operator workflow review', '2026-04-13', 77, 0.88, '{"usability":77,"capability":78}'::jsonb, 'Mutiny scored strongest on usability with supporting signal from capability. Confidence reflects source credibility, sample depth, and recency.'),
  (public.plebi_seed_uuid('tool-mutiny-source-community'), public.plebi_seed_uuid('tool-mutiny'), public.plebi_seed_uuid('source-community'), 'Verified user poll readout', '2026-01-17', 74, 0.75, '{"adoption":64,"usability":77}'::jsonb, 'Mutiny scored strongest on adoption with supporting signal from usability. Confidence reflects source credibility, sample depth, and recency.'),
  (public.plebi_seed_uuid('tool-mutiny-source-pricing'), public.plebi_seed_uuid('tool-mutiny'), public.plebi_seed_uuid('source-pricing'), 'Pricing and packaging audit', '2026-02-21', 73, 0.8, '{"value":72,"usability":77}'::jsonb, 'Mutiny scored strongest on value with supporting signal from usability. Confidence reflects source credibility, sample depth, and recency.'),
  (public.plebi_seed_uuid('tool-mutiny-source-trust'), public.plebi_seed_uuid('tool-mutiny'), public.plebi_seed_uuid('source-trust'), 'Trust and security review', '2026-03-25', 81, 0.79, '{"reliability":80,"adoption":64}'::jsonb, 'Mutiny scored strongest on reliability with supporting signal from adoption. Confidence reflects source credibility, sample depth, and recency.'),
  (public.plebi_seed_uuid('tool-tableau-pulse-source-benchmark'), public.plebi_seed_uuid('tool-tableau-pulse'), public.plebi_seed_uuid('source-benchmark'), 'Capability benchmark', '2026-02-16', 81, 0.94, '{"capability":82,"reliability":86}'::jsonb, 'Tableau Pulse scored strongest on capability with supporting signal from reliability. Confidence reflects source credibility, sample depth, and recency.'),
  (public.plebi_seed_uuid('tool-tableau-pulse-source-operator'), public.plebi_seed_uuid('tool-tableau-pulse'), public.plebi_seed_uuid('source-operator'), 'Operator workflow review', '2026-03-20', 84, 0.92, '{"usability":80,"capability":82}'::jsonb, 'Tableau Pulse scored strongest on usability with supporting signal from capability. Confidence reflects source credibility, sample depth, and recency.'),
  (public.plebi_seed_uuid('tool-tableau-pulse-source-community'), public.plebi_seed_uuid('tool-tableau-pulse'), public.plebi_seed_uuid('source-community'), 'Verified user poll readout', '2026-04-24', 75, 0.78, '{"adoption":78,"usability":80}'::jsonb, 'Tableau Pulse scored strongest on adoption with supporting signal from usability. Confidence reflects source credibility, sample depth, and recency.'),
  (public.plebi_seed_uuid('tool-tableau-pulse-source-pricing'), public.plebi_seed_uuid('tool-tableau-pulse'), public.plebi_seed_uuid('source-pricing'), 'Pricing and packaging audit', '2026-01-05', 79, 0.84, '{"value":74,"usability":80}'::jsonb, 'Tableau Pulse scored strongest on value with supporting signal from usability. Confidence reflects source credibility, sample depth, and recency.'),
  (public.plebi_seed_uuid('tool-tableau-pulse-source-trust'), public.plebi_seed_uuid('tool-tableau-pulse'), public.plebi_seed_uuid('source-trust'), 'Trust and security review', '2026-02-09', 79, 0.82, '{"reliability":86,"adoption":78}'::jsonb, 'Tableau Pulse scored strongest on reliability with supporting signal from adoption. Confidence reflects source credibility, sample depth, and recency.'),
  (public.plebi_seed_uuid('tool-julius-ai-source-benchmark'), public.plebi_seed_uuid('tool-julius-ai'), public.plebi_seed_uuid('source-benchmark'), 'Capability benchmark', '2026-02-12', 76, 0.93, '{"capability":80,"reliability":76}'::jsonb, 'Julius AI scored strongest on capability with supporting signal from reliability. Confidence reflects source credibility, sample depth, and recency.'),
  (public.plebi_seed_uuid('tool-julius-ai-source-operator'), public.plebi_seed_uuid('tool-julius-ai'), public.plebi_seed_uuid('source-operator'), 'Operator workflow review', '2026-03-16', 85, 0.91, '{"usability":84,"capability":80}'::jsonb, 'Julius AI scored strongest on usability with supporting signal from capability. Confidence reflects source credibility, sample depth, and recency.'),
  (public.plebi_seed_uuid('tool-julius-ai-source-community'), public.plebi_seed_uuid('tool-julius-ai'), public.plebi_seed_uuid('source-community'), 'Verified user poll readout', '2026-04-20', 70, 0.77, '{"adoption":70,"usability":84}'::jsonb, 'Julius AI scored strongest on adoption with supporting signal from usability. Confidence reflects source credibility, sample depth, and recency.'),
  (public.plebi_seed_uuid('tool-julius-ai-source-pricing'), public.plebi_seed_uuid('tool-julius-ai'), public.plebi_seed_uuid('source-pricing'), 'Pricing and packaging audit', '2026-01-24', 85, 0.83, '{"value":84,"usability":84}'::jsonb, 'Julius AI scored strongest on value with supporting signal from usability. Confidence reflects source credibility, sample depth, and recency.'),
  (public.plebi_seed_uuid('tool-julius-ai-source-trust'), public.plebi_seed_uuid('tool-julius-ai'), public.plebi_seed_uuid('source-trust'), 'Trust and security review', '2026-02-05', 70, 0.82, '{"reliability":76,"adoption":70}'::jsonb, 'Julius AI scored strongest on reliability with supporting signal from adoption. Confidence reflects source credibility, sample depth, and recency.'),
  (public.plebi_seed_uuid('tool-akkio-source-benchmark'), public.plebi_seed_uuid('tool-akkio'), public.plebi_seed_uuid('source-benchmark'), 'Capability benchmark', '2026-02-08', 78, 0.95, '{"capability":78,"reliability":78}'::jsonb, 'Akkio scored strongest on capability with supporting signal from reliability. Confidence reflects source credibility, sample depth, and recency.'),
  (public.plebi_seed_uuid('tool-akkio-source-operator'), public.plebi_seed_uuid('tool-akkio'), public.plebi_seed_uuid('source-operator'), 'Operator workflow review', '2026-03-12', 85, 0.81, '{"usability":82,"capability":78}'::jsonb, 'Akkio scored strongest on usability with supporting signal from capability. Confidence reflects source credibility, sample depth, and recency.'),
  (public.plebi_seed_uuid('tool-akkio-source-community'), public.plebi_seed_uuid('tool-akkio'), public.plebi_seed_uuid('source-community'), 'Verified user poll readout', '2026-04-16', 67, 0.79, '{"adoption":62,"usability":82}'::jsonb, 'Akkio scored strongest on adoption with supporting signal from usability. Confidence reflects source credibility, sample depth, and recency.'),
  (public.plebi_seed_uuid('tool-akkio-source-pricing'), public.plebi_seed_uuid('tool-akkio'), public.plebi_seed_uuid('source-pricing'), 'Pricing and packaging audit', '2026-01-20', 84, 0.84, '{"value":80,"usability":82}'::jsonb, 'Akkio scored strongest on value with supporting signal from usability. Confidence reflects source credibility, sample depth, and recency.'),
  (public.plebi_seed_uuid('tool-akkio-source-trust'), public.plebi_seed_uuid('tool-akkio'), public.plebi_seed_uuid('source-trust'), 'Trust and security review', '2026-02-24', 71, 0.83, '{"reliability":78,"adoption":62}'::jsonb, 'Akkio scored strongest on reliability with supporting signal from adoption. Confidence reflects source credibility, sample depth, and recency.'),
  (public.plebi_seed_uuid('tool-datarobot-source-benchmark'), public.plebi_seed_uuid('tool-datarobot'), public.plebi_seed_uuid('source-benchmark'), 'Capability benchmark', '2026-02-12', 89, 0.98, '{"capability":86,"reliability":88}'::jsonb, 'DataRobot scored strongest on capability with supporting signal from reliability. Confidence reflects source credibility, sample depth, and recency.'),
  (public.plebi_seed_uuid('tool-datarobot-source-operator'), public.plebi_seed_uuid('tool-datarobot'), public.plebi_seed_uuid('source-operator'), 'Operator workflow review', '2026-03-16', 74, 0.85, '{"usability":74,"capability":86}'::jsonb, 'DataRobot scored strongest on usability with supporting signal from capability. Confidence reflects source credibility, sample depth, and recency.'),
  (public.plebi_seed_uuid('tool-datarobot-source-community'), public.plebi_seed_uuid('tool-datarobot'), public.plebi_seed_uuid('source-community'), 'Verified user poll readout', '2026-04-20', 77, 0.82, '{"adoption":76,"usability":74}'::jsonb, 'DataRobot scored strongest on adoption with supporting signal from usability. Confidence reflects source credibility, sample depth, and recency.'),
  (public.plebi_seed_uuid('tool-datarobot-source-pricing'), public.plebi_seed_uuid('tool-datarobot'), public.plebi_seed_uuid('source-pricing'), 'Pricing and packaging audit', '2026-01-24', 67, 0.77, '{"value":70,"usability":74}'::jsonb, 'DataRobot scored strongest on value with supporting signal from usability. Confidence reflects source credibility, sample depth, and recency.'),
  (public.plebi_seed_uuid('tool-datarobot-source-trust'), public.plebi_seed_uuid('tool-datarobot'), public.plebi_seed_uuid('source-trust'), 'Trust and security review', '2026-02-05', 85, 0.87, '{"reliability":88,"adoption":76}'::jsonb, 'DataRobot scored strongest on reliability with supporting signal from adoption. Confidence reflects source credibility, sample depth, and recency.'),
  (public.plebi_seed_uuid('tool-thoughtspot-sage-source-benchmark'), public.plebi_seed_uuid('tool-thoughtspot-sage'), public.plebi_seed_uuid('source-benchmark'), 'Capability benchmark', '2026-01-19', 83, 0.96, '{"capability":80,"reliability":84}'::jsonb, 'ThoughtSpot Sage scored strongest on capability with supporting signal from reliability. Confidence reflects source credibility, sample depth, and recency.'),
  (public.plebi_seed_uuid('tool-thoughtspot-sage-source-operator'), public.plebi_seed_uuid('tool-thoughtspot-sage'), public.plebi_seed_uuid('source-operator'), 'Operator workflow review', '2026-02-23', 87, 0.83, '{"usability":81,"capability":80}'::jsonb, 'ThoughtSpot Sage scored strongest on usability with supporting signal from capability. Confidence reflects source credibility, sample depth, and recency.'),
  (public.plebi_seed_uuid('tool-thoughtspot-sage-source-community'), public.plebi_seed_uuid('tool-thoughtspot-sage'), public.plebi_seed_uuid('source-community'), 'Verified user poll readout', '2026-03-04', 72, 0.81, '{"adoption":68,"usability":81}'::jsonb, 'ThoughtSpot Sage scored strongest on adoption with supporting signal from usability. Confidence reflects source credibility, sample depth, and recency.'),
  (public.plebi_seed_uuid('tool-thoughtspot-sage-source-pricing'), public.plebi_seed_uuid('tool-thoughtspot-sage'), public.plebi_seed_uuid('source-pricing'), 'Pricing and packaging audit', '2026-04-08', 82, 0.75, '{"value":74,"usability":81}'::jsonb, 'ThoughtSpot Sage scored strongest on value with supporting signal from usability. Confidence reflects source credibility, sample depth, and recency.'),
  (public.plebi_seed_uuid('tool-thoughtspot-sage-source-trust'), public.plebi_seed_uuid('tool-thoughtspot-sage'), public.plebi_seed_uuid('source-trust'), 'Trust and security review', '2026-01-12', 78, 0.85, '{"reliability":84,"adoption":68}'::jsonb, 'ThoughtSpot Sage scored strongest on reliability with supporting signal from adoption. Confidence reflects source credibility, sample depth, and recency.')
on conflict (id) do update set
  tool_id = excluded.tool_id,
  source_id = excluded.source_id,
  title = excluded.title,
  observed_at = excluded.observed_at,
  score = excluded.score,
  confidence = excluded.confidence,
  metric_impacts = excluded.metric_impacts,
  notes = excluded.notes;

insert into public.score_snapshots (id, tool_id, captured_at, score, reason)
values
  (public.plebi_seed_uuid('tool-chatgpt-snapshot-q1'), public.plebi_seed_uuid('tool-chatgpt'), '2026-01-15', 89, 'Initial Plebi benchmark import'),
  (public.plebi_seed_uuid('tool-chatgpt-snapshot-q2'), public.plebi_seed_uuid('tool-chatgpt'), '2026-04-10', 91, 'Updated source observations and poll weighting'),
  (public.plebi_seed_uuid('tool-claude-snapshot-q1'), public.plebi_seed_uuid('tool-claude'), '2026-01-15', 86, 'Initial Plebi benchmark import'),
  (public.plebi_seed_uuid('tool-claude-snapshot-q2'), public.plebi_seed_uuid('tool-claude'), '2026-04-10', 89, 'Updated source observations and poll weighting'),
  (public.plebi_seed_uuid('tool-jasper-snapshot-q1'), public.plebi_seed_uuid('tool-jasper'), '2026-01-15', 76, 'Initial Plebi benchmark import'),
  (public.plebi_seed_uuid('tool-jasper-snapshot-q2'), public.plebi_seed_uuid('tool-jasper'), '2026-04-10', 80, 'Updated source observations and poll weighting'),
  (public.plebi_seed_uuid('tool-copy-ai-snapshot-q1'), public.plebi_seed_uuid('tool-copy-ai'), '2026-01-15', 76, 'Initial Plebi benchmark import'),
  (public.plebi_seed_uuid('tool-copy-ai-snapshot-q2'), public.plebi_seed_uuid('tool-copy-ai'), '2026-04-10', 78, 'Updated source observations and poll weighting'),
  (public.plebi_seed_uuid('tool-writesonic-snapshot-q1'), public.plebi_seed_uuid('tool-writesonic'), '2026-01-15', 73, 'Initial Plebi benchmark import'),
  (public.plebi_seed_uuid('tool-writesonic-snapshot-q2'), public.plebi_seed_uuid('tool-writesonic'), '2026-04-10', 76, 'Updated source observations and poll weighting'),
  (public.plebi_seed_uuid('tool-midjourney-snapshot-q1'), public.plebi_seed_uuid('tool-midjourney'), '2026-01-15', 83, 'Initial Plebi benchmark import'),
  (public.plebi_seed_uuid('tool-midjourney-snapshot-q2'), public.plebi_seed_uuid('tool-midjourney'), '2026-04-10', 87, 'Updated source observations and poll weighting'),
  (public.plebi_seed_uuid('tool-dall-e-snapshot-q1'), public.plebi_seed_uuid('tool-dall-e'), '2026-01-15', 85, 'Initial Plebi benchmark import'),
  (public.plebi_seed_uuid('tool-dall-e-snapshot-q2'), public.plebi_seed_uuid('tool-dall-e'), '2026-04-10', 87, 'Updated source observations and poll weighting'),
  (public.plebi_seed_uuid('tool-stable-diffusion-snapshot-q1'), public.plebi_seed_uuid('tool-stable-diffusion'), '2026-01-15', 79, 'Initial Plebi benchmark import'),
  (public.plebi_seed_uuid('tool-stable-diffusion-snapshot-q2'), public.plebi_seed_uuid('tool-stable-diffusion'), '2026-04-10', 82, 'Updated source observations and poll weighting'),
  (public.plebi_seed_uuid('tool-adobe-firefly-snapshot-q1'), public.plebi_seed_uuid('tool-adobe-firefly'), '2026-01-15', 79, 'Initial Plebi benchmark import'),
  (public.plebi_seed_uuid('tool-adobe-firefly-snapshot-q2'), public.plebi_seed_uuid('tool-adobe-firefly'), '2026-04-10', 83, 'Updated source observations and poll weighting'),
  (public.plebi_seed_uuid('tool-leonardo-ai-snapshot-q1'), public.plebi_seed_uuid('tool-leonardo-ai'), '2026-01-15', 79, 'Initial Plebi benchmark import'),
  (public.plebi_seed_uuid('tool-leonardo-ai-snapshot-q2'), public.plebi_seed_uuid('tool-leonardo-ai'), '2026-04-10', 81, 'Updated source observations and poll weighting'),
  (public.plebi_seed_uuid('tool-runway-snapshot-q1'), public.plebi_seed_uuid('tool-runway'), '2026-01-15', 81, 'Initial Plebi benchmark import'),
  (public.plebi_seed_uuid('tool-runway-snapshot-q2'), public.plebi_seed_uuid('tool-runway'), '2026-04-10', 84, 'Updated source observations and poll weighting'),
  (public.plebi_seed_uuid('tool-synthesia-snapshot-q1'), public.plebi_seed_uuid('tool-synthesia'), '2026-01-15', 80, 'Initial Plebi benchmark import'),
  (public.plebi_seed_uuid('tool-synthesia-snapshot-q2'), public.plebi_seed_uuid('tool-synthesia'), '2026-04-10', 84, 'Updated source observations and poll weighting'),
  (public.plebi_seed_uuid('tool-descript-snapshot-q1'), public.plebi_seed_uuid('tool-descript'), '2026-01-15', 82, 'Initial Plebi benchmark import'),
  (public.plebi_seed_uuid('tool-descript-snapshot-q2'), public.plebi_seed_uuid('tool-descript'), '2026-04-10', 84, 'Updated source observations and poll weighting'),
  (public.plebi_seed_uuid('tool-elevenlabs-snapshot-q1'), public.plebi_seed_uuid('tool-elevenlabs'), '2026-01-15', 84, 'Initial Plebi benchmark import'),
  (public.plebi_seed_uuid('tool-elevenlabs-snapshot-q2'), public.plebi_seed_uuid('tool-elevenlabs'), '2026-04-10', 87, 'Updated source observations and poll weighting'),
  (public.plebi_seed_uuid('tool-pika-snapshot-q1'), public.plebi_seed_uuid('tool-pika'), '2026-01-15', 74, 'Initial Plebi benchmark import'),
  (public.plebi_seed_uuid('tool-pika-snapshot-q2'), public.plebi_seed_uuid('tool-pika'), '2026-04-10', 78, 'Updated source observations and poll weighting'),
  (public.plebi_seed_uuid('tool-github-copilot-snapshot-q1'), public.plebi_seed_uuid('tool-github-copilot'), '2026-01-15', 86, 'Initial Plebi benchmark import'),
  (public.plebi_seed_uuid('tool-github-copilot-snapshot-q2'), public.plebi_seed_uuid('tool-github-copilot'), '2026-04-10', 88, 'Updated source observations and poll weighting'),
  (public.plebi_seed_uuid('tool-cursor-snapshot-q1'), public.plebi_seed_uuid('tool-cursor'), '2026-01-15', 84, 'Initial Plebi benchmark import'),
  (public.plebi_seed_uuid('tool-cursor-snapshot-q2'), public.plebi_seed_uuid('tool-cursor'), '2026-04-10', 87, 'Updated source observations and poll weighting'),
  (public.plebi_seed_uuid('tool-replit-agent-snapshot-q1'), public.plebi_seed_uuid('tool-replit-agent'), '2026-01-15', 76, 'Initial Plebi benchmark import'),
  (public.plebi_seed_uuid('tool-replit-agent-snapshot-q2'), public.plebi_seed_uuid('tool-replit-agent'), '2026-04-10', 80, 'Updated source observations and poll weighting'),
  (public.plebi_seed_uuid('tool-codeium-snapshot-q1'), public.plebi_seed_uuid('tool-codeium'), '2026-01-15', 79, 'Initial Plebi benchmark import'),
  (public.plebi_seed_uuid('tool-codeium-snapshot-q2'), public.plebi_seed_uuid('tool-codeium'), '2026-04-10', 81, 'Updated source observations and poll weighting'),
  (public.plebi_seed_uuid('tool-sourcegraph-cody-snapshot-q1'), public.plebi_seed_uuid('tool-sourcegraph-cody'), '2026-01-15', 76, 'Initial Plebi benchmark import'),
  (public.plebi_seed_uuid('tool-sourcegraph-cody-snapshot-q2'), public.plebi_seed_uuid('tool-sourcegraph-cody'), '2026-04-10', 79, 'Updated source observations and poll weighting'),
  (public.plebi_seed_uuid('tool-perplexity-snapshot-q1'), public.plebi_seed_uuid('tool-perplexity'), '2026-01-15', 83, 'Initial Plebi benchmark import'),
  (public.plebi_seed_uuid('tool-perplexity-snapshot-q2'), public.plebi_seed_uuid('tool-perplexity'), '2026-04-10', 87, 'Updated source observations and poll weighting'),
  (public.plebi_seed_uuid('tool-elicit-snapshot-q1'), public.plebi_seed_uuid('tool-elicit'), '2026-01-15', 78, 'Initial Plebi benchmark import'),
  (public.plebi_seed_uuid('tool-elicit-snapshot-q2'), public.plebi_seed_uuid('tool-elicit'), '2026-04-10', 80, 'Updated source observations and poll weighting'),
  (public.plebi_seed_uuid('tool-consensus-snapshot-q1'), public.plebi_seed_uuid('tool-consensus'), '2026-01-15', 76, 'Initial Plebi benchmark import'),
  (public.plebi_seed_uuid('tool-consensus-snapshot-q2'), public.plebi_seed_uuid('tool-consensus'), '2026-04-10', 79, 'Updated source observations and poll weighting'),
  (public.plebi_seed_uuid('tool-glean-snapshot-q1'), public.plebi_seed_uuid('tool-glean'), '2026-01-15', 79, 'Initial Plebi benchmark import'),
  (public.plebi_seed_uuid('tool-glean-snapshot-q2'), public.plebi_seed_uuid('tool-glean'), '2026-04-10', 83, 'Updated source observations and poll weighting'),
  (public.plebi_seed_uuid('tool-you-com-snapshot-q1'), public.plebi_seed_uuid('tool-you-com'), '2026-01-15', 74, 'Initial Plebi benchmark import'),
  (public.plebi_seed_uuid('tool-you-com-snapshot-q2'), public.plebi_seed_uuid('tool-you-com'), '2026-04-10', 76, 'Updated source observations and poll weighting'),
  (public.plebi_seed_uuid('tool-notion-ai-snapshot-q1'), public.plebi_seed_uuid('tool-notion-ai'), '2026-01-15', 80, 'Initial Plebi benchmark import'),
  (public.plebi_seed_uuid('tool-notion-ai-snapshot-q2'), public.plebi_seed_uuid('tool-notion-ai'), '2026-04-10', 83, 'Updated source observations and poll weighting'),
  (public.plebi_seed_uuid('tool-grammarly-snapshot-q1'), public.plebi_seed_uuid('tool-grammarly'), '2026-01-15', 82, 'Initial Plebi benchmark import'),
  (public.plebi_seed_uuid('tool-grammarly-snapshot-q2'), public.plebi_seed_uuid('tool-grammarly'), '2026-04-10', 86, 'Updated source observations and poll weighting'),
  (public.plebi_seed_uuid('tool-otter-ai-snapshot-q1'), public.plebi_seed_uuid('tool-otter-ai'), '2026-01-15', 79, 'Initial Plebi benchmark import'),
  (public.plebi_seed_uuid('tool-otter-ai-snapshot-q2'), public.plebi_seed_uuid('tool-otter-ai'), '2026-04-10', 81, 'Updated source observations and poll weighting'),
  (public.plebi_seed_uuid('tool-zapier-ai-snapshot-q1'), public.plebi_seed_uuid('tool-zapier-ai'), '2026-01-15', 81, 'Initial Plebi benchmark import'),
  (public.plebi_seed_uuid('tool-zapier-ai-snapshot-q2'), public.plebi_seed_uuid('tool-zapier-ai'), '2026-04-10', 84, 'Updated source observations and poll weighting'),
  (public.plebi_seed_uuid('tool-gamma-snapshot-q1'), public.plebi_seed_uuid('tool-gamma'), '2026-01-15', 77, 'Initial Plebi benchmark import'),
  (public.plebi_seed_uuid('tool-gamma-snapshot-q2'), public.plebi_seed_uuid('tool-gamma'), '2026-04-10', 81, 'Updated source observations and poll weighting'),
  (public.plebi_seed_uuid('tool-hubspot-breeze-snapshot-q1'), public.plebi_seed_uuid('tool-hubspot-breeze'), '2026-01-15', 80, 'Initial Plebi benchmark import'),
  (public.plebi_seed_uuid('tool-hubspot-breeze-snapshot-q2'), public.plebi_seed_uuid('tool-hubspot-breeze'), '2026-04-10', 82, 'Updated source observations and poll weighting'),
  (public.plebi_seed_uuid('tool-clay-snapshot-q1'), public.plebi_seed_uuid('tool-clay'), '2026-01-15', 80, 'Initial Plebi benchmark import'),
  (public.plebi_seed_uuid('tool-clay-snapshot-q2'), public.plebi_seed_uuid('tool-clay'), '2026-04-10', 83, 'Updated source observations and poll weighting'),
  (public.plebi_seed_uuid('tool-apollo-ai-snapshot-q1'), public.plebi_seed_uuid('tool-apollo-ai'), '2026-01-15', 79, 'Initial Plebi benchmark import'),
  (public.plebi_seed_uuid('tool-apollo-ai-snapshot-q2'), public.plebi_seed_uuid('tool-apollo-ai'), '2026-04-10', 83, 'Updated source observations and poll weighting'),
  (public.plebi_seed_uuid('tool-lavender-snapshot-q1'), public.plebi_seed_uuid('tool-lavender'), '2026-01-15', 76, 'Initial Plebi benchmark import'),
  (public.plebi_seed_uuid('tool-lavender-snapshot-q2'), public.plebi_seed_uuid('tool-lavender'), '2026-04-10', 78, 'Updated source observations and poll weighting'),
  (public.plebi_seed_uuid('tool-mutiny-snapshot-q1'), public.plebi_seed_uuid('tool-mutiny'), '2026-01-15', 72, 'Initial Plebi benchmark import'),
  (public.plebi_seed_uuid('tool-mutiny-snapshot-q2'), public.plebi_seed_uuid('tool-mutiny'), '2026-04-10', 75, 'Updated source observations and poll weighting'),
  (public.plebi_seed_uuid('tool-tableau-pulse-snapshot-q1'), public.plebi_seed_uuid('tool-tableau-pulse'), '2026-01-15', 76, 'Initial Plebi benchmark import'),
  (public.plebi_seed_uuid('tool-tableau-pulse-snapshot-q2'), public.plebi_seed_uuid('tool-tableau-pulse'), '2026-04-10', 80, 'Updated source observations and poll weighting'),
  (public.plebi_seed_uuid('tool-julius-ai-snapshot-q1'), public.plebi_seed_uuid('tool-julius-ai'), '2026-01-15', 77, 'Initial Plebi benchmark import'),
  (public.plebi_seed_uuid('tool-julius-ai-snapshot-q2'), public.plebi_seed_uuid('tool-julius-ai'), '2026-04-10', 79, 'Updated source observations and poll weighting'),
  (public.plebi_seed_uuid('tool-akkio-snapshot-q1'), public.plebi_seed_uuid('tool-akkio'), '2026-01-15', 74, 'Initial Plebi benchmark import'),
  (public.plebi_seed_uuid('tool-akkio-snapshot-q2'), public.plebi_seed_uuid('tool-akkio'), '2026-04-10', 77, 'Updated source observations and poll weighting'),
  (public.plebi_seed_uuid('tool-datarobot-snapshot-q1'), public.plebi_seed_uuid('tool-datarobot'), '2026-01-15', 76, 'Initial Plebi benchmark import'),
  (public.plebi_seed_uuid('tool-datarobot-snapshot-q2'), public.plebi_seed_uuid('tool-datarobot'), '2026-04-10', 80, 'Updated source observations and poll weighting'),
  (public.plebi_seed_uuid('tool-thoughtspot-sage-snapshot-q1'), public.plebi_seed_uuid('tool-thoughtspot-sage'), '2026-01-15', 76, 'Initial Plebi benchmark import'),
  (public.plebi_seed_uuid('tool-thoughtspot-sage-snapshot-q2'), public.plebi_seed_uuid('tool-thoughtspot-sage'), '2026-04-10', 78, 'Updated source observations and poll weighting')
on conflict (id) do update set
  tool_id = excluded.tool_id,
  captured_at = excluded.captured_at,
  score = excluded.score,
  reason = excluded.reason;

insert into public.polls (id, tool_id, votes_for, votes_against)
values
  (public.plebi_seed_uuid('poll-tool-chatgpt'), public.plebi_seed_uuid('tool-chatgpt'), 4360, 514),
  (public.plebi_seed_uuid('poll-tool-claude'), public.plebi_seed_uuid('tool-claude'), 3212, 388),
  (public.plebi_seed_uuid('poll-tool-jasper'), public.plebi_seed_uuid('tool-jasper'), 1058, 298),
  (public.plebi_seed_uuid('poll-tool-copy-ai'), public.plebi_seed_uuid('tool-copy-ai'), 814, 246),
  (public.plebi_seed_uuid('poll-tool-writesonic'), public.plebi_seed_uuid('tool-writesonic'), 696, 244),
  (public.plebi_seed_uuid('poll-tool-midjourney'), public.plebi_seed_uuid('tool-midjourney'), 2880, 302),
  (public.plebi_seed_uuid('poll-tool-dall-e'), public.plebi_seed_uuid('tool-dall-e'), 2196, 358),
  (public.plebi_seed_uuid('poll-tool-stable-diffusion'), public.plebi_seed_uuid('tool-stable-diffusion'), 2108, 486),
  (public.plebi_seed_uuid('poll-tool-adobe-firefly'), public.plebi_seed_uuid('tool-adobe-firefly'), 1508, 364),
  (public.plebi_seed_uuid('poll-tool-leonardo-ai'), public.plebi_seed_uuid('tool-leonardo-ai'), 1004, 268),
  (public.plebi_seed_uuid('poll-tool-runway'), public.plebi_seed_uuid('tool-runway'), 1768, 342),
  (public.plebi_seed_uuid('poll-tool-synthesia'), public.plebi_seed_uuid('tool-synthesia'), 1114, 242),
  (public.plebi_seed_uuid('poll-tool-descript'), public.plebi_seed_uuid('tool-descript'), 1240, 218),
  (public.plebi_seed_uuid('poll-tool-elevenlabs'), public.plebi_seed_uuid('tool-elevenlabs'), 1712, 198),
  (public.plebi_seed_uuid('poll-tool-pika'), public.plebi_seed_uuid('tool-pika'), 886, 286),
  (public.plebi_seed_uuid('poll-tool-github-copilot'), public.plebi_seed_uuid('tool-github-copilot'), 3504, 466),
  (public.plebi_seed_uuid('poll-tool-cursor'), public.plebi_seed_uuid('tool-cursor'), 2746, 320),
  (public.plebi_seed_uuid('poll-tool-replit-agent'), public.plebi_seed_uuid('tool-replit-agent'), 1030, 312),
  (public.plebi_seed_uuid('poll-tool-codeium'), public.plebi_seed_uuid('tool-codeium'), 918, 234),
  (public.plebi_seed_uuid('poll-tool-sourcegraph-cody'), public.plebi_seed_uuid('tool-sourcegraph-cody'), 676, 196),
  (public.plebi_seed_uuid('poll-tool-perplexity'), public.plebi_seed_uuid('tool-perplexity'), 2708, 302),
  (public.plebi_seed_uuid('poll-tool-elicit'), public.plebi_seed_uuid('tool-elicit'), 734, 176),
  (public.plebi_seed_uuid('poll-tool-consensus'), public.plebi_seed_uuid('tool-consensus'), 622, 154),
  (public.plebi_seed_uuid('poll-tool-glean'), public.plebi_seed_uuid('tool-glean'), 812, 182),
  (public.plebi_seed_uuid('poll-tool-you-com'), public.plebi_seed_uuid('tool-you-com'), 510, 192),
  (public.plebi_seed_uuid('poll-tool-notion-ai'), public.plebi_seed_uuid('tool-notion-ai'), 1462, 314),
  (public.plebi_seed_uuid('poll-tool-grammarly'), public.plebi_seed_uuid('tool-grammarly'), 2508, 384),
  (public.plebi_seed_uuid('poll-tool-otter-ai'), public.plebi_seed_uuid('tool-otter-ai'), 924, 222),
  (public.plebi_seed_uuid('poll-tool-zapier-ai'), public.plebi_seed_uuid('tool-zapier-ai'), 1546, 278),
  (public.plebi_seed_uuid('poll-tool-gamma'), public.plebi_seed_uuid('tool-gamma'), 1008, 216),
  (public.plebi_seed_uuid('poll-tool-hubspot-breeze'), public.plebi_seed_uuid('tool-hubspot-breeze'), 816, 206),
  (public.plebi_seed_uuid('poll-tool-clay'), public.plebi_seed_uuid('tool-clay'), 1102, 218),
  (public.plebi_seed_uuid('poll-tool-apollo-ai'), public.plebi_seed_uuid('tool-apollo-ai'), 1348, 284),
  (public.plebi_seed_uuid('poll-tool-lavender'), public.plebi_seed_uuid('tool-lavender'), 532, 156),
  (public.plebi_seed_uuid('poll-tool-mutiny'), public.plebi_seed_uuid('tool-mutiny'), 398, 142),
  (public.plebi_seed_uuid('poll-tool-tableau-pulse'), public.plebi_seed_uuid('tool-tableau-pulse'), 610, 164),
  (public.plebi_seed_uuid('poll-tool-julius-ai'), public.plebi_seed_uuid('tool-julius-ai'), 656, 176),
  (public.plebi_seed_uuid('poll-tool-akkio'), public.plebi_seed_uuid('tool-akkio'), 420, 128),
  (public.plebi_seed_uuid('poll-tool-datarobot'), public.plebi_seed_uuid('tool-datarobot'), 638, 174),
  (public.plebi_seed_uuid('poll-tool-thoughtspot-sage'), public.plebi_seed_uuid('tool-thoughtspot-sage'), 514, 146)
on conflict (tool_id) do update set
  votes_for = excluded.votes_for,
  votes_against = excluded.votes_against;

drop function if exists public.plebi_seed_uuid(text);

